Original Word,Stemmed Word
الم,الم
ذلك,ذلك
الكتاب,كتب
لا,لا
ريب,ريب
فيه,فيه
هدى,هدى
للمتقين,متق
الذين,الذين
يؤمنون,يؤم
بالغيب,غيب
ويقيمون,يقم
الصلاة,صلة
ومما,ومم
رزقناهم,رزق
ينفقون,نفق
والذين,ذين
يؤمنون,يؤم
بما,بما
أنزل,نزل
إليك,الك
وما,وما
أنزل,نزل
من,من
قبلك,قبل
وبالآخرة,وبالآخرة
هم,هم
يوقنون,يوق
أولئك,ولئ
على,على
هدى,هدى
من,من
ربهم,ربهم
وأولئك,أولئ
هم,هم
المفلحون,فلح
إن,ان
الذين,الذين
كفروا,كفر
سواء,سوء
عليهم,علي
أأنذرتهم,أنذر
أم,ام
لم,لم
تنذرهم,نذر
لا,لا
يؤمنون,يؤم
ختم,ختم
الله,الل
على,على
قلوبهم,قلب
وعلى,على
سمعهم,سمع
وعلى,على
أبصارهم,بصر
غشاوة,غشو
ولهم,لهم
عذاب,عذب
عظيم,عظم
ومن,ومن
الناس,ناس
من,من
يقول,يقل
آمنا,امن
بالله,بلل
وباليوم,ليم
الآخر,اخر
وما,وما
هم,هم
بمؤمنين,مؤم
يخادعون,خدع
الله,الل
والذين,ذين
آمنوا,امن
وما,وما
يخدعون,خدع
إلا,الا
أنفسهم,نفس
وما,وما
يشعرون,شعر
في,في
قلوبهم,قلب
مرض,مرض
فزادهم,فزد
الله,الل
مرضا,رضا
ولهم,لهم
عذاب,عذب
أليم,الم
بما,بما
كانوا,كان
يكذبون,كذب
وإذا,وإذ
قيل,قيل
لهم,لهم
لا,لا
تفسدوا,فسد
في,في
الأرض,ارض
قالوا,قال
إنما,انم
نحن,نحن
مصلحون,صلح
ألا,الا
إنهم,نهم
هم,هم
المفسدون,فسد
ولكن,ولكن
لا,لا
يشعرون,شعر
وإذا,وإذ
قيل,قيل
لهم,لهم
آمنوا,امن
كما,كما
آمن,امن
الناس,ناس
قالوا,قال
أنؤمن,ؤمن
كما,كما
آمن,امن
السفهاء,فهء
ألا,الا
إنهم,نهم
هم,هم
السفهاء,فهء
ولكن,ولكن
لا,لا
يعلمون,علم
وإذا,وإذ
لقوا,لقا
الذين,الذين
آمنوا,امن
قالوا,قال
آمنا,امن
وإذا,وإذ
خلوا,خلا
إلى,الى
شياطينهم,شيط
قالوا,قال
إنا,انا
معكم,عكم
إنما,انم
نحن,نحن
مستهزئون,هزئ
الله,الل
يستهزئ,هزئ
بهم,بهم
ويمدهم,يمد
في,في
طغيانهم,طغي
يعمهون,يعم
أولئك,ولئ
الذين,الذين
اشتروا,شتر
الضلالة,ضلل
بالهدى,هدى
فما,فما
ربحت,ربح
تجارتهم,جرت
وما,وما
كانوا,كان
مهتدين,هتد
مثلهم,مثل
كمثل,كمثل
الذي,الذي
استوقد,وقد
نارا,نرا
فلما,فلم
أضاءت,ضءت
ما,ما
حوله,حول
ذهب,ذهب
الله,الل
بنورهم,بنر
وتركهم,وتر
في,في
ظلمات,ظلم
لا,لا
يبصرون,بصر
صم,صم
بكم,بكم
عمي,عمي
فهم,فهم
لا,لا
يرجعون,رجع
أو,او
كصيب,كصب
من,من
السماء,سمء
فيه,فيه
ظلمات,ظلم
ورعد,رعد
وبرق,برق
يجعلون,جعل
أصابعهم,صبع
في,في
آذانهم,اذن
من,من
الصواعق,صعق
حذر,حذر
الموت,موت
والله,ولل
محيط,حيط
بالكافرين,كفر
يكاد,يكد
البرق,برق
يخطف,خطف
أبصارهم,بصر
كلما,كلم
أضاء,اضء
لهم,لهم
مشوا,شوا
فيه,فيه
وإذا,وإذ
أظلم,ظلم
عليهم,علي
قاموا,قام
ولو,ولو
شاء,شاء
الله,الل
لذهب,ذهب
بسمعهم,سمع
وأبصارهم,أبصار
إن,ان
الله,الل
على,على
كل,كل
شيء,شيء
قدير,قدر
يا,يا
أيها,ايه
الناس,ناس
اعبدوا,عبد
ربكم,ربكم
الذي,الذي
خلقكم,خلق
والذين,ذين
من,من
قبلكم,قبل
لعلكم,لعل
تتقون,تتق
الذي,الذي
جعل,جعل
لكم,لكم
الأرض,ارض
فراشا,فرش
والسماء,سمء
بناء,بنء
وأنزل,أنزل
من,من
السماء,سمء
ماء,ماء
فأخرج,أخرج
به,به
من,من
الثمرات,ثمر
رزقا,رزق
لكم,لكم
فلا,فلا
تجعلوا,جعل
لله,لله
أندادا,داد
وأنتم,وأن
تعلمون,علم
وإن,وإن
كنتم,كنتم
في,في
ريب,ريب
مما,مما
نزلنا,نزل
على,على
عبدنا,عبد
فأتوا,فأت
بسورة,بسر
من,من
مثله,ثله
وادعوا,ودع
شهداءكم,شهداء
من,من
دون,دون
الله,الل
إن,ان
كنتم,كنتم
صادقين,صدق
فإن,فإن
لم,لم
تفعلوا,فعل
ولن,ولن
تفعلوا,فعل
فاتقوا,فتق
النار,نار
التي,التي
وقودها,وقد
الناس,ناس
والحجارة,حجر
أعدت,اعد
للكافرين,كفر
وبشر,بشر
الذين,الذين
آمنوا,امن
وعملوا,عمل
الصالحات,صلح
أن,ان
لهم,لهم
جنات,جنت
تجري,تجر
من,من
تحتها,تحت
الأنهار,هار
كلما,كلم
رزقوا,رزق
منها,منها
من,من
ثمرة,ثمر
رزقا,رزق
قالوا,قال
هذا,هذا
الذي,الذي
رزقنا,رزق
من,من
قبل,قبل
وأتوا,وأت
به,به
متشابها,تشب
ولهم,لهم
فيها,فيه
أزواج,زوج
مطهرة,طهر
وهم,وهم
فيها,فيه
خالدون,خلد
إن,ان
الله,الل
لا,لا
يستحيي,سحي
أن,ان
يضرب,ضرب
مثلا,ثلا
ما,ما
بعوضة,بعض
فما,فما
فوقها,فوق
فأما,فأم
الذين,الذين
آمنوا,امن
فيعلمون,علم
أنه,انه
الحق,لحق
من,من
ربهم,ربهم
وأما,وأم
الذين,الذين
كفروا,كفر
فيقولون,يقل
ماذا,اذا
أراد,ارد
الله,الل
بهذا,بهذا
مثلا,ثلا
يضل,يضل
به,به
كثيرا,كثر
ويهدي,يهد
به,به
كثيرا,كثر
وما,وما
يضل,يضل
به,به
إلا,الا
الفاسقين,فسق
الذين,الذين
ينقضون,نقض
عهد,عهد
الله,الل
من,من
بعد,بعد
ميثاقه,يثق
ويقطعون,قطع
ما,ما
أمر,امر
الله,الل
به,به
أن,ان
يوصل,وصل
ويفسدون,فسد
في,في
الأرض,ارض
أولئك,ولئ
هم,هم
الخاسرون,خسر
كيف,كيف
تكفرون,كفر
بالله,بلل
وكنتم,وكن
أمواتا,موت
فأحياكم,فأح
ثم,ثم
يميتكم,يمت
ثم,ثم
يحييكم,يحي
ثم,ثم
إليه,اله
ترجعون,رجع
هو,هو
الذي,الذي
خلق,خلق
لكم,لكم
ما,ما
في,في
الأرض,ارض
جميعا,جمع
ثم,ثم
استوى,سوى
إلى,الى
السماء,سمء
فسواهن,فسا
سبع,سبع
سماوات,سمو
وهو,وهو
بكل,بكل
شيء,شيء
عليم,علم
وإذ,وإذ
قال,قال
ربك,ربك
للملائكة,لئك
إني,اني
جاعل,جعل
في,في
الأرض,ارض
خليفة,خلف
قالوا,قال
أتجعل,جعل
فيها,فيه
من,من
يفسد,فسد
فيها,فيه
ويسفك,يسف
الدماء,دمء
ونحن,ونح
نسبح,سبح
بحمدك,حمد
ونقدس,قدس
لك,لك
قال,قال
إني,اني
أعلم,علم
ما,ما
لا,لا
تعلمون,علم
وعلم,علم
آدم,ادم
الأسماء,سمء
كلها,كله
ثم,ثم
عرضهم,عرض
على,على
الملائكة,لئك
فقال,فقل
أنبئوني,بئو
بأسماء,أسماء
هؤلاء,هؤلاء
إن,ان
كنتم,كنتم
صادقين,صدق
قالوا,قال
سبحانك,سبح
لا,لا
علم,علم
لنا,لنا
إلا,الا
ما,ما
علمتنا,علم
إنك,انك
أنت,انت
العليم,علم
الحكيم,حكم
قال,قال
يا,يا
آدم,ادم
أنبئهم,نبئ
بأسمائهم,أسمائ
فلما,فلم
أنبأهم,نبأ
بأسمائهم,أسمائ
قال,قال
ألم,الم
أقل,اقل
لكم,لكم
إني,اني
أعلم,علم
غيب,غيب
السماوات,سمو
والأرض,ارض
وأعلم,أعلم
ما,ما
تبدون,تبد
وما,وما
كنتم,كنتم
تكتمون,كتم
وإذ,وإذ
قلنا,قلن
للملائكة,لئك
اسجدوا,سجد
لآدم,آدم
فسجدوا,سجد
إلا,الا
إبليس,بلس
أبى,ابى
واستكبر,كبر
وكان,وكان
من,من
الكافرين,كفر
وقلنا,وقل
يا,يا
آدم,ادم
اسكن,اسك
أنت,انت
وزوجك,وزج
الجنة,جنة
وكلا,وكل
منها,منها
رغدا,رغد
حيث,حيث
شئتما,شئت
ولا,ولا
تقربا,قرب
هذه,هذه
الشجرة,شجر
فتكونا,تكو
من,من
الظالمين,ظلم
فأزلهما,أزل
الشيطان,شيط
عنها,عنه
فأخرجهما,أخرج
مما,مما
كانا,كنا
فيه,فيه
وقلنا,وقل
اهبطوا,هبط
بعضكم,بعض
لبعض,بعض
عدو,عدو
ولكم,لكم
في,في
الأرض,ارض
مستقر,سقر
ومتاع,تاع
إلى,الى
حين,حين
فتلقى,لقى
آدم,ادم
من,من
ربه,ربه
كلمات,كلم
فتاب,فتب
عليه,عليه
إنه,انه
هو,هو
التواب,توب
الرحيم,رحم
قلنا,قلن
اهبطوا,هبط
منها,منها
جميعا,جمع
فإما,فإم
يأتينكم,أين
مني,مني
هدى,هدى
فمن,فمن
تبع,تبع
هداي,هدي
فلا,فلا
خوف,خوف
عليهم,علي
ولا,ولا
هم,هم
يحزنون,يحز
والذين,ذين
كفروا,كفر
وكذبوا,كذب
بآياتنا,بآا
أولئك,ولئ
أصحاب,صحب
النار,نار
هم,هم
فيها,فيه
خالدون,خلد
يا,يا
بني,بني
إسرائيل,رائيل
اذكروا,ذكر
نعمتي,نعم
التي,التي
أنعمت,عمت
عليكم,علي
وأوفوا,وأف
بعهدي,عهد
أوف,اوف
بعهدكم,عهد
وإياي,وإا
فارهبون,رهب
وآمنوا,وآم
بما,بما
أنزلت,زلت
مصدقا,صدق
لما,لما
معكم,عكم
ولا,ولا
تكونوا,تكن
أول,اول
كافر,كفر
به,به
ولا,ولا
تشتروا,شتر
بآياتي,بآا
ثمنا,ثمن
قليلا,قلل
وإياي,وإا
فاتقون,فتق
ولا,ولا
تلبسوا,لبس
الحق,لحق
بالباطل,بطل
وتكتموا,كتم
الحق,لحق
وأنتم,وأن
تعلمون,علم
وأقيموا,أقم
الصلاة,صلة
وآتوا,وآت
الزكاة,زكة
واركعوا,ركع
مع,مع
الراكعين,ركع
أتأمرون,أمر
الناس,ناس
بالبر,لبر
وتنسون,تنس
أنفسكم,نفس
وأنتم,وأن
تتلون,تتل
الكتاب,كتب
أفلا,افل
تعقلون,عقل
واستعينوا,ستع
بالصبر,صبر
والصلاة,صلة
وإنها,وإن
لكبيرة,كبر
إلا,الا
على,على
الخاشعين,خشع
الذين,الذين
يظنون,يظن
أنهم,نهم
ملاقو,لقو
ربهم,ربهم
وأنهم,وأن
إليه,اله
راجعون,رجع
يا,يا
بني,بني
إسرائيل,رائيل
اذكروا,ذكر
نعمتي,نعم
التي,التي
أنعمت,عمت
عليكم,علي
وأني,وأن
فضلتكم,فضل
على,على
العالمين,علم
واتقوا,وتق
يوما,يوم
لا,لا
تجزي,تجز
نفس,نفس
عن,عن
نفس,نفس
شيئا,شيئ
ولا,ولا
يقبل,قبل
منها,منها
شفاعة,شفع
ولا,ولا
يؤخذ,ؤخذ
منها,منها
عدل,عدل
ولا,ولا
هم,هم
ينصرون,نصر
وإذ,وإذ
نجيناكم,نجن
من,من
آل,ال
فرعون,فرع
يسومونكم,ومو
سوء,سوء
العذاب,عذب
يذبحون,ذبح
أبناءكم,بنء
ويستحيون,ستح
نساءكم,نسء
وفي,وفي
ذلكم,ذلكم
بلاء,بلء
من,من
ربكم,ربكم
عظيم,عظم
وإذ,وإذ
فرقنا,فرق
بكم,بكم
البحر,بحر
فأنجيناكم,أنج
وأغرقنا,أغرق
آل,ال
فرعون,فرع
وأنتم,وأن
تنظرون,نظر
وإذ,وإذ
واعدنا,وعد
موسى,وسى
أربعين,ربع
ليلة,ليل
ثم,ثم
اتخذتم,تخذ
العجل,عجل
من,من
بعده,بعد
وأنتم,وأن
ظالمون,ظلم
ثم,ثم
عفونا,عفو
عنكم,عنكم
من,من
بعد,بعد
ذلك,ذلك
لعلكم,لعل
تشكرون,شكر
وإذ,وإذ
آتينا,اتي
موسى,وسى
الكتاب,كتب
والفرقان,فرق
لعلكم,لعل
تهتدون,هتد
وإذ,وإذ
قال,قال
موسى,وسى
لقومه,لقم
يا,يا
قوم,قوم
إنكم,نكم
ظلمتم,ظلم
أنفسكم,نفس
باتخاذكم,تخذ
العجل,عجل
فتوبوا,فتب
إلى,الى
بارئكم,برئ
فاقتلوا,قتل
أنفسكم,نفس
ذلكم,ذلكم
خير,خير
لكم,لكم
عند,عند
بارئكم,برئ
فتاب,فتب
عليكم,علي
إنه,انه
هو,هو
التواب,توب
الرحيم,رحم
وإذ,وإذ
قلتم,قلتم
يا,يا
موسى,وسى
لن,لن
نؤمن,نؤم
لك,لك
حتى,حتى
نرى,نرى
الله,الل
جهرة,جهر
فأخذتكم,أخذ
الصاعقة,صعق
وأنتم,وأن
تنظرون,نظر
ثم,ثم
بعثناكم,بعث
من,من
بعد,بعد
موتكم,موت
لعلكم,لعل
تشكرون,شكر
وظللنا,ظلل
عليكم,علي
الغمام,غمم
وأنزلنا,أنزل
عليكم,علي
المن,الم
والسلوى,سلى
كلوا,كلا
من,من
طيبات,طيب
ما,ما
رزقناكم,رزق
وما,وما
ظلمونا,ظلمو
ولكن,ولكن
كانوا,كان
أنفسهم,نفس
يظلمون,ظلم
وإذ,وإذ
قلنا,قلن
ادخلوا,دخل
هذه,هذه
القرية,قرة
فكلوا,فكل
منها,منها
حيث,حيث
شئتم,شئتم
رغدا,رغد
وادخلوا,دخل
الباب,باب
سجدا,سجد
وقولوا,وقل
حطة,حطة
نغفر,غفر
لكم,لكم
خطاياكم,خطي
وسنزيد,نزد
المحسنين,حسن
فبدل,بدل
الذين,الذين
ظلموا,ظلم
قولا,قول
غير,غير
الذي,الذي
قيل,قيل
لهم,لهم
فأنزلنا,أنزل
على,على
الذين,الذين
ظلموا,ظلم
رجزا,رجز
من,من
السماء,سمء
بما,بما
كانوا,كان
يفسقون,فسق
وإذ,وإذ
استسقى,سقى
موسى,وسى
لقومه,لقم
فقلنا,فقل
اضرب,ضرب
بعصاك,بعص
الحجر,حجر
فانفجرت,فجر
منه,منه
اثنتا,اثن
عشرة,عشر
عينا,عين
قد,قد
علم,علم
كل,كل
أناس,انس
مشربهم,شرب
كلوا,كلا
واشربوا,شرب
من,من
رزق,رزق
الله,الل
ولا,ولا
تعثوا,تعث
في,في
الأرض,ارض
مفسدين,فسد
وإذ,وإذ
قلتم,قلتم
يا,يا
موسى,وسى
لن,لن
نصبر,صبر
على,على
طعام,طعم
واحد,وحد
فادع,فدع
لنا,لنا
ربك,ربك
يخرج,خرج
لنا,لنا
مما,مما
تنبت,تنب
الأرض,ارض
من,من
بقلها,بقل
وقثائها,قثئ
وفومها,وفم
وعدسها,عدس
وبصلها,بصل
قال,قال
أتستبدلون,بدل
الذي,الذي
هو,هو
أدنى,دنى
بالذي,بلذ
هو,هو
خير,خير
اهبطوا,هبط
مصرا,صرا
فإن,فإن
لكم,لكم
ما,ما
سألتم,سأل
وضربت,ضرب
عليهم,علي
الذلة,ذلة
والمسكنة,سكن
وباءوا,وبء
بغضب,غضب
من,من
الله,الل
ذلك,ذلك
بأنهم,بأن
كانوا,كان
يكفرون,كفر
بآيات,بآي
الله,الل
ويقتلون,قتل
النبيين,نبي
بغير,بغر
الحق,لحق
ذلك,ذلك
بما,بما
عصوا,عصا
وكانوا,وكن
يعتدون,عتد
إن,ان
الذين,الذين
آمنوا,امن
والذين,ذين
هادوا,هاد
والنصارى,صرى
والصابئين,صبئ
من,من
آمن,امن
بالله,بلل
واليوم,يوم
الآخر,اخر
وعمل,عمل
صالحا,صلح
فلهم,لهم
أجرهم,اجر
عند,عند
ربهم,ربهم
ولا,ولا
خوف,خوف
عليهم,علي
ولا,ولا
هم,هم
يحزنون,يحز
وإذ,وإذ
أخذنا,اخذ
ميثاقكم,يثق
ورفعنا,رفع
فوقكم,فوق
الطور,طور
خذوا,خذا
ما,ما
آتيناكم,اتن
بقوة,بقة
واذكروا,ذكر
ما,ما
فيه,فيه
لعلكم,لعل
تتقون,تتق
ثم,ثم
توليتم,تول
من,من
بعد,بعد
ذلك,ذلك
فلولا,فلل
فضل,فضل
الله,الل
عليكم,علي
ورحمته,رحم
لكنتم,لكن
من,من
الخاسرين,خسر
ولقد,لقد
علمتم,علم
الذين,الذين
اعتدوا,عتد
منكم,نكم
في,في
السبت,سبت
فقلنا,فقل
لهم,لهم
كونوا,كون
قردة,قرد
خاسئين,خسئ
فجعلناها,جعل
نكالا,نكل
لما,لما
بين,بين
يديها,يدي
وما,وما
خلفها,خلف
وموعظة,وعظ
للمتقين,متق
وإذ,وإذ
قال,قال
موسى,وسى
لقومه,لقم
إن,ان
الله,الل
يأمركم,أمر
أن,ان
تذبحوا,ذبح
بقرة,بقر
قالوا,قال
أتتخذنا,تخذ
هزوا,هزا
قال,قال
أعوذ,اعذ
بالله,بلل
أن,ان
أكون,اكن
من,من
الجاهلين,جهل
قالوا,قال
ادع,ادع
لنا,لنا
ربك,ربك
يبين,يبن
لنا,لنا
ما,ما
هي,هي
قال,قال
إنه,انه
يقول,يقل
إنها,انه
بقرة,بقر
لا,لا
فارض,فرض
ولا,ولا
بكر,بكر
عوان,عون
بين,بين
ذلك,ذلك
فافعلوا,فعل
ما,ما
تؤمرون,ؤمر
قالوا,قال
ادع,ادع
لنا,لنا
ربك,ربك
يبين,يبن
لنا,لنا
ما,ما
لونها,لون
قال,قال
إنه,انه
يقول,يقل
إنها,انه
بقرة,بقر
صفراء,صفراء
فاقع,فقع
لونها,لون
تسر,تسر
الناظرين,نظر
قالوا,قال
ادع,ادع
لنا,لنا
ربك,ربك
يبين,يبن
لنا,لنا
ما,ما
هي,هي
إن,ان
البقر,بقر
تشابه,شبه
علينا,علي
وإنا,وإن
إن,ان
شاء,شاء
الله,الل
لمهتدون,هتد
قال,قال
إنه,انه
يقول,يقل
إنها,انه
بقرة,بقر
لا,لا
ذلول,ذلل
تثير,تثر
الأرض,ارض
ولا,ولا
تسقي,تسق
الحرث,حرث
مسلمة,سلم
لا,لا
شية,شية
فيها,فيه
قالوا,قال
الآن,الآ
جئت,جئت
بالحق,لحق
فذبحوها,ذبحو
وما,وما
كادوا,كاد
يفعلون,فعل
وإذ,وإذ
قتلتم,قتل
نفسا,نفس
فادارأتم,درأ
فيها,فيه
والله,ولل
مخرج,خرج
ما,ما
كنتم,كنتم
تكتمون,كتم
فقلنا,فقل
اضربوه,ضربو
ببعضها,بعض
كذلك,كذلك
يحيي,يحي
الله,الل
الموتى,وتى
ويريكم,وير
آياته,يته
لعلكم,لعل
تعقلون,عقل
ثم,ثم
قست,قست
قلوبكم,قلب
من,من
بعد,بعد
ذلك,ذلك
فهي,فهي
كالحجارة,حجر
أو,او
أشد,اشد
قسوة,قسة
وإن,وإن
من,من
الحجارة,حجر
لما,لما
يتفجر,فجر
منه,منه
الأنهار,هار
وإن,وإن
منها,منها
لما,لما
يشقق,شقق
فيخرج,خرج
منه,منه
الماء,ماء
وإن,وإن
منها,منها
لما,لما
يهبط,هبط
من,من
خشية,خشة
الله,الل
وما,وما
الله,الل
بغافل,غفل
عما,عما
تعملون,عمل
أفتطمعون,طمع
أن,ان
يؤمنوا,يؤم
لكم,لكم
وقد,وقد
كان,كان
فريق,فرق
منهم,نهم
يسمعون,سمع
كلام,كلم
الله,الل
ثم,ثم
يحرفونه,حرفو
من,من
بعد,بعد
ما,ما
عقلوه,عقلو
وهم,وهم
يعلمون,علم
وإذا,وإذ
لقوا,لقا
الذين,الذين
آمنوا,امن
قالوا,قال
آمنا,امن
وإذا,وإذ
خلا,خلا
بعضهم,بعض
إلى,الى
بعض,بعض
قالوا,قال
أتحدثونهم,حدثو
بما,بما
فتح,فتح
الله,الل
عليكم,علي
ليحاجوكم,حجو
به,به
عند,عند
ربكم,ربكم
أفلا,افل
تعقلون,عقل
أولا,اول
يعلمون,علم
أن,ان
الله,الل
يعلم,علم
ما,ما
يسرون,يسر
وما,وما
يعلنون,يعل
ومنهم,ومن
أميون,امي
لا,لا
يعلمون,علم
الكتاب,كتب
إلا,الا
أماني,اما
وإن,وإن
هم,هم
إلا,الا
يظنون,يظن
فويل,فول
للذين,ذين
يكتبون,كتب
الكتاب,كتب
بأيديهم,بأد
ثم,ثم
يقولون,يقل
هذا,هذا
من,من
عند,عند
الله,الل
ليشتروا,شتر
به,به
ثمنا,ثمن
قليلا,قلل
فويل,فول
لهم,لهم
مما,مما
كتبت,كتب
أيديهم,ايد
وويل,ويل
لهم,لهم
مما,مما
يكسبون,كسب
وقالوا,وقل
لن,لن
تمسنا,تمس
النار,نار
إلا,الا
أياما,ايا
معدودة,عدد
قل,قل
أتخذتم,تخذ
عند,عند
الله,الل
عهدا,عهد
فلن,فلن
يخلف,خلف
الله,الل
عهده,عهد
أم,ام
تقولون,تقل
على,على
الله,الل
ما,ما
لا,لا
تعلمون,علم
بلى,بلى
من,من
كسب,كسب
سيئة,سيئ
وأحاطت,أحط
به,به
خطيئته,خطئ
فأولئك,أولئ
أصحاب,صحب
النار,نار
هم,هم
فيها,فيه
خالدون,خلد
والذين,ذين
آمنوا,امن
وعملوا,عمل
الصالحات,صلح
أولئك,ولئ
أصحاب,صحب
الجنة,جنة
هم,هم
فيها,فيه
خالدون,خلد
وإذ,وإذ
أخذنا,اخذ
ميثاق,يثق
بني,بني
إسرائيل,رائيل
لا,لا
تعبدون,عبد
إلا,الا
الله,الل
وبالوالدين,وبالوالد
إحسانا,احس
وذي,وذي
القربى,قربى
واليتامى,تمى
والمساكين,ساك
وقولوا,وقل
للناس,ناس
حسنا,حسن
وأقيموا,أقم
الصلاة,صلة
وآتوا,وآت
الزكاة,زكة
ثم,ثم
توليتم,تول
إلا,الا
قليلا,قلل
منكم,نكم
وأنتم,وأن
معرضون,عرض
وإذ,وإذ
أخذنا,اخذ
ميثاقكم,يثق
لا,لا
تسفكون,تسف
دماءكم,دمء
ولا,ولا
تخرجون,خرج
أنفسكم,نفس
من,من
دياركم,دير
ثم,ثم
أقررتم,قرر
وأنتم,وأن
تشهدون,شهد
ثم,ثم
أنتم,نتم
هؤلاء,هؤلاء
تقتلون,قتل
أنفسكم,نفس
وتخرجون,خرج
فريقا,فرق
منكم,نكم
من,من
ديارهم,دير
تظاهرون,ظهر
عليهم,علي
بالإثم,اثم
والعدوان,عدو
وإن,وإن
يأتوكم,أتو
أسارى,سرى
تفادوهم,فدو
وهو,وهو
محرم,حرم
عليكم,علي
إخراجهم,خرج
أفتؤمنون,فؤم
ببعض,بعض
الكتاب,كتب
وتكفرون,كفر
ببعض,بعض
فما,فما
جزاء,جزء
من,من
يفعل,فعل
ذلك,ذلك
منكم,نكم
إلا,الا
خزي,خزي
في,في
الحياة,حية
الدنيا,دنا
ويوم,ويم
القيامة,قيم
يردون,يرد
إلى,الى
أشد,اشد
العذاب,عذب
وما,وما
الله,الل
بغافل,غفل
عما,عما
تعملون,عمل
أولئك,ولئ
الذين,الذين
اشتروا,شتر
الحياة,حية
الدنيا,دنا
بالآخرة,اخر
فلا,فلا
يخفف,خفف
عنهم,عنهم
العذاب,عذب
ولا,ولا
هم,هم
ينصرون,نصر
ولقد,لقد
آتينا,اتي
موسى,وسى
الكتاب,كتب
وقفينا,وقف
من,من
بعده,بعد
بالرسل,رسل
وآتينا,وآت
عيسى,عيسى
ابن,ابن
مريم,ريم
البينات,بين
وأيدناه,وأد
بروح,برح
القدس,قدس
أفكلما,فكل
جاءكم,جاء
رسول,رسل
بما,بما
لا,لا
تهوى,تهى
أنفسكم,نفس
استكبرتم,كبر
ففريقا,فرق
كذبتم,كذب
وفريقا,فرق
تقتلون,قتل
وقالوا,وقل
قلوبنا,قلب
غلف,غلف
بل,بل
لعنهم,لعن
الله,الل
بكفرهم,كفر
فقليلا,قلل
ما,ما
يؤمنون,يؤم
ولما,ولم
جاءهم,جاء
كتاب,كتب
من,من
عند,عند
الله,الل
مصدق,صدق
لما,لما
معهم,عهم
وكانوا,وكن
من,من
قبل,قبل
يستفتحون,فتح
على,على
الذين,الذين
كفروا,كفر
فلما,فلم
جاءهم,جاء
ما,ما
عرفوا,عرف
كفروا,كفر
به,به
فلعنة,فلع
الله,الل
على,على
الكافرين,كفر
بئسما,بئس
اشتروا,شتر
به,به
أنفسهم,نفس
أن,ان
يكفروا,كفر
بما,بما
أنزل,نزل
الله,الل
بغيا,بغا
أن,ان
ينزل,نزل
الله,الل
من,من
فضله,فضل
على,على
من,من
يشاء,يشء
من,من
عباده,عبد
فباءوا,فبء
بغضب,غضب
على,على
غضب,غضب
وللكافرين,كفر
عذاب,عذب
مهين,هين
وإذا,وإذ
قيل,قيل
لهم,لهم
آمنوا,امن
بما,بما
أنزل,نزل
الله,الل
قالوا,قال
نؤمن,نؤم
بما,بما
أنزل,نزل
علينا,علي
ويكفرون,كفر
بما,بما
وراءه,ورء
وهو,وهو
الحق,لحق
مصدقا,صدق
لما,لما
معهم,عهم
قل,قل
فلم,فلم
تقتلون,قتل
أنبياء,بيء
الله,الل
من,من
قبل,قبل
إن,ان
كنتم,كنتم
مؤمنين,ؤمن
ولقد,لقد
جاءكم,جاء
موسى,وسى
بالبينات,بين
ثم,ثم
اتخذتم,تخذ
العجل,عجل
من,من
بعده,بعد
وأنتم,وأن
ظالمون,ظلم
وإذ,وإذ
أخذنا,اخذ
ميثاقكم,يثق
ورفعنا,رفع
فوقكم,فوق
الطور,طور
خذوا,خذا
ما,ما
آتيناكم,اتن
بقوة,بقة
واسمعوا,سمع
قالوا,قال
سمعنا,سمع
وعصينا,وعص
وأشربوا,أشرب
في,في
قلوبهم,قلب
العجل,عجل
بكفرهم,كفر
قل,قل
بئسما,بئس
يأمركم,أمر
به,به
إيمانكم,يمن
إن,ان
كنتم,كنتم
مؤمنين,ؤمن
قل,قل
إن,ان
كانت,كانت
لكم,لكم
الدار,دار
الآخرة,اخر
عند,عند
الله,الل
خالصة,خلص
من,من
دون,دون
الناس,ناس
فتمنوا,فتم
الموت,موت
إن,ان
كنتم,كنتم
صادقين,صدق
ولن,ولن
يتمنوه,منو
أبدا,ابد
بما,بما
قدمت,قدم
أيديهم,ايد
والله,ولل
عليم,علم
بالظالمين,ظلم
ولتجدنهم,تجد
أحرص,حرص
الناس,ناس
على,على
حياة,حية
ومن,ومن
الذين,الذين
أشركوا,اشر
يود,يود
أحدهم,احد
لو,لو
يعمر,عمر
ألف,الف
سنة,سنة
وما,وما
هو,هو
بمزحزحه,زحزح
من,من
العذاب,عذب
أن,ان
يعمر,عمر
والله,ولل
بصير,بصر
بما,بما
يعملون,عمل
قل,قل
من,من
كان,كان
عدوا,عدا
لجبريل,جبريل
فإنه,فإن
نزله,نزل
على,على
قلبك,قلب
بإذن,بإذ
الله,الل
مصدقا,صدق
لما,لما
بين,بين
يديه,يده
وهدى,هدى
وبشرى,شرى
للمؤمنين,ؤمن
من,من
كان,كان
عدوا,عدا
لله,لله
وملائكته,وملائكته
ورسله,رسل
وجبريل,جبريل
وميكال,يكل
فإن,فإن
الله,الل
عدو,عدو
للكافرين,كفر
ولقد,لقد
أنزلنا,نزل
إليك,الك
آيات,ايت
بينات,بين
وما,وما
يكفر,كفر
بها,بها
إلا,الا
الفاسقون,فسق
أوكلما,وكل
عاهدوا,عهد
عهدا,عهد
نبذه,نبذ
فريق,فرق
منهم,نهم
بل,بل
أكثرهم,كثر
لا,لا
يؤمنون,يؤم
ولما,ولم
جاءهم,جاء
رسول,رسل
من,من
عند,عند
الله,الل
مصدق,صدق
لما,لما
معهم,عهم
نبذ,نبذ
فريق,فرق
من,من
الذين,الذين
أوتوا,اوت
الكتاب,كتب
كتاب,كتب
الله,الل
وراء,ورء
ظهورهم,ظهر
كأنهم,كأن
لا,لا
يعلمون,علم
واتبعوا,تبع
ما,ما
تتلو,تلو
الشياطين,شيط
على,على
ملك,ملك
سليمان,سلم
وما,وما
كفر,كفر
سليمان,سلم
ولكن,ولكن
الشياطين,شيط
كفروا,كفر
يعلمون,علم
الناس,ناس
السحر,سحر
وما,وما
أنزل,نزل
على,على
الملكين,ملك
ببابل,ببل
هاروت,هرت
وماروت,ارو
وما,وما
يعلمان,علم
من,من
أحد,احد
حتى,حتى
يقولا,يقل
إنما,انم
نحن,نحن
فتنة,فتن
فلا,فلا
تكفر,كفر
فيتعلمون,علم
منهما,منه
ما,ما
يفرقون,فرق
به,به
بين,بين
المرء,مرء
وزوجه,وزج
وما,وما
هم,هم
بضارين,بضر
به,به
من,من
أحد,احد
إلا,الا
بإذن,بإذ
الله,الل
ويتعلمون,علم
ما,ما
يضرهم,يضر
ولا,ولا
ينفعهم,نفع
ولقد,لقد
علموا,علم
لمن,لمن
اشتراه,شره
ما,ما
له,له
في,في
الآخرة,اخر
من,من
خلاق,خلق
ولبئس,بئس
ما,ما
شروا,شرا
به,به
أنفسهم,نفس
لو,لو
كانوا,كان
يعلمون,علم
ولو,ولو
أنهم,نهم
آمنوا,امن
واتقوا,وتق
لمثوبة,ثوب
من,من
عند,عند
الله,الل
خير,خير
لو,لو
كانوا,كان
يعلمون,علم
يا,يا
أيها,ايه
الذين,الذين
آمنوا,امن
لا,لا
تقولوا,تقل
راعنا,راع
وقولوا,وقل
انظرنا,نظر
واسمعوا,سمع
وللكافرين,كفر
عذاب,عذب
أليم,الم
ما,ما
يود,يود
الذين,الذين
كفروا,كفر
من,من
أهل,اهل
الكتاب,كتب
ولا,ولا
المشركين,شرك
أن,ان
ينزل,نزل
عليكم,علي
من,من
خير,خير
من,من
ربكم,ربكم
والله,ولل
يختص,ختص
برحمته,رحم
من,من
يشاء,يشء
والله,ولل
ذو,ذو
الفضل,فضل
العظيم,عظم
ما,ما
ننسخ,نسخ
من,من
آية,اية
أو,او
ننسها,ننس
نأت,نأت
بخير,بخر
منها,منها
أو,او
مثلها,مثل
ألم,الم
تعلم,علم
أن,ان
الله,الل
على,على
كل,كل
شيء,شيء
قدير,قدر
ألم,الم
تعلم,علم
أن,ان
الله,الل
له,له
ملك,ملك
السماوات,سمو
والأرض,ارض
وما,وما
لكم,لكم
من,من
دون,دون
الله,الل
من,من
ولي,ولي
ولا,ولا
نصير,نصر
أم,ام
تريدون,ترد
أن,ان
تسألوا,سأل
رسولكم,رسل
كما,كما
سئل,سئل
موسى,وسى
من,من
قبل,قبل
ومن,ومن
يتبدل,بدل
الكفر,كفر
بالإيمان,ايم
فقد,فقد
ضل,ضل
سواء,سوء
السبيل,سبل
ود,ود
كثير,كثر
من,من
أهل,اهل
الكتاب,كتب
لو,لو
يردونكم,ردو
من,من
بعد,بعد
إيمانكم,يمن
كفارا,كفر
حسدا,حسد
من,من
عند,عند
أنفسهم,نفس
من,من
بعد,بعد
ما,ما
تبين,تبن
لهم,لهم
الحق,لحق
فاعفوا,فعف
واصفحوا,صفح
حتى,حتى
يأتي,يأت
الله,الل
بأمره,أمر
إن,ان
الله,الل
على,على
كل,كل
شيء,شيء
قدير,قدر
وأقيموا,أقم
الصلاة,صلة
وآتوا,وآت
الزكاة,زكة
وما,وما
تقدموا,قدم
لأنفسكم,أنفس
من,من
خير,خير
تجدوه,جدو
عند,عند
الله,الل
إن,ان
الله,الل
بما,بما
تعملون,عمل
بصير,بصر
وقالوا,وقل
لن,لن
يدخل,دخل
الجنة,جنة
إلا,الا
من,من
كان,كان
هودا,هود
أو,او
نصارى,صرى
تلك,تلك
أمانيهم,مني
قل,قل
هاتوا,هات
برهانكم,بره
إن,ان
كنتم,كنتم
صادقين,صدق
بلى,بلى
من,من
أسلم,سلم
وجهه,وجه
لله,لله
وهو,وهو
محسن,حسن
فله,فله
أجره,اجر
عند,عند
ربه,ربه
ولا,ولا
خوف,خوف
عليهم,علي
ولا,ولا
هم,هم
يحزنون,يحز
وقالت,وقل
اليهود,يهد
ليست,ليس
النصارى,صرى
على,على
شيء,شيء
وقالت,وقل
النصارى,صرى
ليست,ليس
اليهود,يهد
على,على
شيء,شيء
وهم,وهم
يتلون,يتل
الكتاب,كتب
كذلك,كذلك
قال,قال
الذين,الذين
لا,لا
يعلمون,علم
مثل,مثل
قولهم,قول
فالله,فلل
يحكم,حكم
بينهم,بين
يوم,يوم
القيامة,قيم
فيما,فيم
كانوا,كان
فيه,فيه
يختلفون,خلف
ومن,ومن
أظلم,ظلم
ممن,ممن
منع,منع
مساجد,سجد
الله,الل
أن,ان
يذكر,ذكر
فيها,فيه
اسمه,اسم
وسعى,سعى
في,في
خرابها,خرب
أولئك,ولئ
ما,ما
كان,كان
لهم,لهم
أن,ان
يدخلوها,دخلو
إلا,الا
خائفين,خئف
لهم,لهم
في,في
الدنيا,دنا
خزي,خزي
ولهم,لهم
في,في
الآخرة,اخر
عذاب,عذب
عظيم,عظم
ولله,ولل
المشرق,شرق
والمغرب,غرب
فأينما,فأن
تولوا,تول
فثم,فثم
وجه,وجه
الله,الل
إن,ان
الله,الل
واسع,وسع
عليم,علم
وقالوا,وقل
اتخذ,تخذ
الله,الل
ولدا,ولد
سبحانه,سبح
بل,بل
له,له
ما,ما
في,في
السماوات,سمو
والأرض,ارض
كل,كل
له,له
قانتون,قنت
بديع,بدع
السماوات,سمو
والأرض,ارض
وإذا,وإذ
قضى,قضى
أمرا,امر
فإنما,فإن
يقول,يقل
له,له
كن,كن
فيكون,فيك
وقال,وقل
الذين,الذين
لا,لا
يعلمون,علم
لولا,لول
يكلمنا,كلم
الله,الل
أو,او
تأتينا,تأت
آية,اية
كذلك,كذلك
قال,قال
الذين,الذين
من,من
قبلهم,قبل
مثل,مثل
قولهم,قول
تشابهت,شبه
قلوبهم,قلب
قد,قد
بينا,بين
الآيات,ايت
لقوم,لقم
يوقنون,يوق
إنا,انا
أرسلناك,رسل
بالحق,لحق
بشيرا,بشر
ونذيرا,نذر
ولا,ولا
تسأل,سأل
عن,عن
أصحاب,صحب
الجحيم,جحم
ولن,ولن
ترضى,رضى
عنك,عنك
اليهود,يهد
ولا,ولا
النصارى,صرى
حتى,حتى
تتبع,تبع
ملتهم,ملت
قل,قل
إن,ان
هدى,هدى
الله,الل
هو,هو
الهدى,هدى
ولئن,ولئ
اتبعت,تبع
أهواءهم,هوء
بعد,بعد
الذي,الذي
جاءك,جءك
من,من
العلم,علم
ما,ما
لك,لك
من,من
الله,الل
من,من
ولي,ولي
ولا,ولا
نصير,نصر
الذين,الذين
آتيناهم,اتن
الكتاب,كتب
يتلونه,تلو
حق,حق
تلاوته,لوت
أولئك,ولئ
يؤمنون,يؤم
به,به
ومن,ومن
يكفر,كفر
به,به
فأولئك,أولئ
هم,هم
الخاسرون,خسر
يا,يا
بني,بني
إسرائيل,رائيل
اذكروا,ذكر
نعمتي,نعم
التي,التي
أنعمت,عمت
عليكم,علي
وأني,وأن
فضلتكم,فضل
على,على
العالمين,علم
واتقوا,وتق
يوما,يوم
لا,لا
تجزي,تجز
نفس,نفس
عن,عن
نفس,نفس
شيئا,شيئ
ولا,ولا
يقبل,قبل
منها,منها
عدل,عدل
ولا,ولا
تنفعها,نفع
شفاعة,شفع
ولا,ولا
هم,هم
ينصرون,نصر
وإذ,وإذ
ابتلى,بلى
إبراهيم,راهيم
ربه,ربه
بكلمات,كلم
فأتمهن,أتم
قال,قال
إني,اني
جاعلك,جعل
للناس,ناس
إماما,اما
قال,قال
ومن,ومن
ذريتي,ذرت
قال,قال
لا,لا
ينال,ينل
عهدي,عهد
الظالمين,ظلم
وإذ,وإذ
جعلنا,جعل
البيت,بيت
مثابة,ثاب
للناس,ناس
وأمنا,وأم
واتخذوا,تخذ
من,من
مقام,قام
إبراهيم,راهيم
مصلى,صلى
وعهدنا,عهد
إلى,الى
إبراهيم,راهيم
وإسماعيل,وإسماعيل
أن,ان
طهرا,طهر
بيتي,بيت
للطائفين,طئف
والعاكفين,عكف
والركع,ركع
السجود,سجد
وإذ,وإذ
قال,قال
إبراهيم,راهيم
رب,رب
اجعل,جعل
هذا,هذا
بلدا,بلد
آمنا,امن
وارزق,رزق
أهله,اهل
من,من
الثمرات,ثمر
من,من
آمن,امن
منهم,نهم
بالله,بلل
واليوم,يوم
الآخر,اخر
قال,قال
ومن,ومن
كفر,كفر
فأمتعه,أمتع
قليلا,قلل
ثم,ثم
أضطره,ضطر
إلى,الى
عذاب,عذب
النار,نار
وبئس,بئس
المصير,صير
وإذ,وإذ
يرفع,رفع
إبراهيم,راهيم
القواعد,قعد
من,من
البيت,بيت
وإسماعيل,وإسماعيل
ربنا,ربن
تقبل,قبل
منا,منا
إنك,انك
أنت,انت
السميع,سمع
العليم,علم
ربنا,ربن
واجعلنا,جعل
مسلمين,سلم
لك,لك
ومن,ومن
ذريتنا,ذرت
أمة,امة
مسلمة,سلم
لك,لك
وأرنا,وأر
مناسكنا,نسك
وتب,وتب
علينا,علي
إنك,انك
أنت,انت
التواب,توب
الرحيم,رحم
ربنا,ربن
وابعث,بعث
فيهم,يهم
رسولا,رسل
منهم,نهم
يتلو,تلو
عليهم,علي
آياتك,يتك
ويعلمهم,علم
الكتاب,كتب
والحكمة,حكم
ويزكيهم,ويز
إنك,انك
أنت,انت
العزيز,عزز
الحكيم,حكم
ومن,ومن
يرغب,رغب
عن,عن
ملة,ملة
إبراهيم,راهيم
إلا,الا
من,من
سفه,سفه
نفسه,نفس
ولقد,لقد
اصطفيناه,اصطفيناه
في,في
الدنيا,دنا
وإنه,وإن
في,في
الآخرة,اخر
لمن,لمن
الصالحين,صلح
إذ,اذ
قال,قال
له,له
ربه,ربه
أسلم,سلم
قال,قال
أسلمت,سلم
لرب,لرب
العالمين,علم
ووصى,وصى
بها,بها
إبراهيم,راهيم
بنيه,بنه
ويعقوب,عقب
يا,يا
بني,بني
إن,ان
الله,الل
اصطفى,صطفى
لكم,لكم
الدين,دين
فلا,فلا
تموتن,تمو
إلا,الا
وأنتم,وأن
مسلمون,سلم
أم,ام
كنتم,كنتم
شهداء,شهداء
إذ,اذ
حضر,حضر
يعقوب,عقب
الموت,موت
إذ,اذ
قال,قال
لبنيه,لبن
ما,ما
تعبدون,عبد
من,من
بعدي,بعد
قالوا,قال
نعبد,عبد
إلهك,اله
وإله,وإل
آبائك,بئك
إبراهيم,راهيم
وإسماعيل,وإسماعيل
وإسحاق,إسحاق
إلها,اله
واحدا,وحد
ونحن,ونح
له,له
مسلمون,سلم
تلك,تلك
أمة,امة
قد,قد
خلت,خلت
لها,لها
ما,ما
كسبت,كسب
ولكم,لكم
ما,ما
كسبتم,كسب
ولا,ولا
تسألون,سأل
عما,عما
كانوا,كان
يعملون,عمل
وقالوا,وقل
كونوا,كون
هودا,هود
أو,او
نصارى,صرى
تهتدوا,هتد
قل,قل
بل,بل
ملة,ملة
إبراهيم,راهيم
حنيفا,حنف
وما,وما
كان,كان
من,من
المشركين,شرك
قولوا,قول
آمنا,امن
بالله,بلل
وما,وما
أنزل,نزل
إلينا,الي
وما,وما
أنزل,نزل
إلى,الى
إبراهيم,راهيم
وإسماعيل,وإسماعيل
وإسحاق,إسحاق
ويعقوب,عقب
والأسباط,سبط
وما,وما
أوتي,اوت
موسى,وسى
وعيسى,عيسى
وما,وما
أوتي,اوت
النبيون,نبي
من,من
ربهم,ربهم
لا,لا
نفرق,فرق
بين,بين
أحد,احد
منهم,نهم
ونحن,ونح
له,له
مسلمون,سلم
فإن,فإن
آمنوا,امن
بمثل,مثل
ما,ما
آمنتم,امن
به,به
فقد,فقد
اهتدوا,هتد
وإن,وإن
تولوا,تول
فإنما,فإن
هم,هم
في,في
شقاق,شقق
فسيكفيكهم,يكف
الله,الل
وهو,وهو
السميع,سمع
العليم,علم
صبغة,صبغ
الله,الل
ومن,ومن
أحسن,احس
من,من
الله,الل
صبغة,صبغ
ونحن,ونح
له,له
عابدون,عبد
قل,قل
أتحاجوننا,حجو
في,في
الله,الل
وهو,وهو
ربنا,ربن
وربكم,ورب
ولنا,ولن
أعمالنا,عمل
ولكم,لكم
أعمالكم,عمل
ونحن,ونح
له,له
مخلصون,خلص
أم,ام
تقولون,تقل
إن,ان
إبراهيم,راهيم
وإسماعيل,وإسماعيل
وإسحاق,إسحاق
ويعقوب,عقب
والأسباط,سبط
كانوا,كان
هودا,هود
أو,او
نصارى,صرى
قل,قل
أأنتم,اأن
أعلم,علم
أم,ام
الله,الل
ومن,ومن
أظلم,ظلم
ممن,ممن
كتم,كتم
شهادة,شهد
عنده,عند
من,من
الله,الل
وما,وما
الله,الل
بغافل,غفل
عما,عما
تعملون,عمل
تلك,تلك
أمة,امة
قد,قد
خلت,خلت
لها,لها
ما,ما
كسبت,كسب
ولكم,لكم
ما,ما
كسبتم,كسب
ولا,ولا
تسألون,سأل
عما,عما
كانوا,كان
يعملون,عمل
سيقول,يقل
السفهاء,فهء
من,من
الناس,ناس
ما,ما
ولاهم,ولا
عن,عن
قبلتهم,قبل
التي,التي
كانوا,كان
عليها,عليها
قل,قل
لله,لله
المشرق,شرق
والمغرب,غرب
يهدي,يهد
من,من
يشاء,يشء
إلى,الى
صراط,صرط
مستقيم,قيم
وكذلك,كذل
جعلناكم,جعل
أمة,امة
وسطا,وسط
لتكونوا,تكو
شهداء,شهداء
على,على
الناس,ناس
ويكون,ويك
الرسول,رسل
عليكم,علي
شهيدا,شهد
وما,وما
جعلنا,جعل
القبلة,قبل
التي,التي
كنت,كنت
عليها,عليها
إلا,الا
لنعلم,علم
من,من
يتبع,تبع
الرسول,رسل
ممن,ممن
ينقلب,قلب
على,على
عقبيه,عقب
وإن,وإن
كانت,كانت
لكبيرة,كبر
إلا,الا
على,على
الذين,الذين
هدى,هدى
الله,الل
وما,وما
كان,كان
الله,الل
ليضيع,يضع
إيمانكم,يمن
إن,ان
الله,الل
بالناس,ناس
لرءوف,رءف
رحيم,رحم
قد,قد
نرى,نرى
تقلب,قلب
وجهك,وجه
في,في
السماء,سمء
فلنولينك,فلنولينك
قبلة,قبل
ترضاها,ترض
فول,فول
وجهك,وجه
شطر,شطر
المسجد,سجد
الحرام,حرم
وحيث,وحث
ما,ما
كنتم,كنتم
فولوا,فول
وجوهكم,وجه
شطره,شطر
وإن,وإن
الذين,الذين
أوتوا,اوت
الكتاب,كتب
ليعلمون,علم
أنه,انه
الحق,لحق
من,من
ربهم,ربهم
وما,وما
الله,الل
بغافل,غفل
عما,عما
يعملون,عمل
ولئن,ولئ
أتيت,اتت
الذين,الذين
أوتوا,اوت
الكتاب,كتب
بكل,بكل
آية,اية
ما,ما
تبعوا,تبع
قبلتك,قبل
وما,وما
أنت,انت
بتابع,تبع
قبلتهم,قبل
وما,وما
بعضهم,بعض
بتابع,تبع
قبلة,قبل
بعض,بعض
ولئن,ولئ
اتبعت,تبع
أهواءهم,هوء
من,من
بعد,بعد
ما,ما
جاءك,جءك
من,من
العلم,علم
إنك,انك
إذا,اذا
لمن,لمن
الظالمين,ظلم
الذين,الذين
آتيناهم,اتن
الكتاب,كتب
يعرفونه,عرفو
كما,كما
يعرفون,عرف
أبناءهم,بنء
وإن,وإن
فريقا,فرق
منهم,نهم
ليكتمون,كتم
الحق,لحق
وهم,وهم
يعلمون,علم
الحق,لحق
من,من
ربك,ربك
فلا,فلا
تكونن,تكن
من,من
الممترين,متر
ولكل,لكل
وجهة,وجه
هو,هو
موليها,ولي
فاستبقوا,سبق
الخيرات,خير
أين,اين
ما,ما
تكونوا,تكن
يأت,يأت
بكم,بكم
الله,الل
جميعا,جمع
إن,ان
الله,الل
على,على
كل,كل
شيء,شيء
قدير,قدر
ومن,ومن
حيث,حيث
خرجت,خرج
فول,فول
وجهك,وجه
شطر,شطر
المسجد,سجد
الحرام,حرم
وإنه,وإن
للحق,لحق
من,من
ربك,ربك
وما,وما
الله,الل
بغافل,غفل
عما,عما
تعملون,عمل
ومن,ومن
حيث,حيث
خرجت,خرج
فول,فول
وجهك,وجه
شطر,شطر
المسجد,سجد
الحرام,حرم
وحيث,وحث
ما,ما
كنتم,كنتم
فولوا,فول
وجوهكم,وجه
شطره,شطر
لئلا,لئل
يكون,يكون
للناس,ناس
عليكم,علي
حجة,حجة
إلا,الا
الذين,الذين
ظلموا,ظلم
منهم,نهم
فلا,فلا
تخشوهم,خشو
واخشوني,خشو
ولأتم,ولأ
نعمتي,نعم
عليكم,علي
ولعلكم,لعل
تهتدون,هتد
كما,كما
أرسلنا,رسل
فيكم,يكم
رسولا,رسل
منكم,نكم
يتلو,تلو
عليكم,علي
آياتنا,ايت
ويزكيكم,ويز
ويعلمكم,علم
الكتاب,كتب
والحكمة,حكم
ويعلمكم,علم
ما,ما
لم,لم
تكونوا,تكن
تعلمون,علم
فاذكروني,ذكرو
أذكركم,ذكر
واشكروا,شكر
لي,لي
ولا,ولا
تكفرون,كفر
يا,يا
أيها,ايه
الذين,الذين
آمنوا,امن
استعينوا,عين
بالصبر,صبر
والصلاة,صلة
إن,ان
الله,الل
مع,مع
الصابرين,صبر
ولا,ولا
تقولوا,تقل
لمن,لمن
يقتل,قتل
في,في
سبيل,سبل
الله,الل
أموات,امو
بل,بل
أحياء,حيء
ولكن,ولكن
لا,لا
تشعرون,شعر
ولنبلونكم,بلو
بشيء,بشء
من,من
الخوف,خوف
والجوع,جوع
ونقص,نقص
من,من
الأموال,مول
والأنفس,نفس
والثمرات,ثمر
وبشر,بشر
الصابرين,صبر
الذين,الذين
إذا,اذا
أصابتهم,صبت
مصيبة,صيب
قالوا,قال
إنا,انا
لله,لله
وإنا,وإن
إليه,اله
راجعون,رجع
أولئك,ولئ
عليهم,علي
صلوات,صلو
من,من
ربهم,ربهم
ورحمة,رحم
وأولئك,أولئ
هم,هم
المهتدون,هتد
إن,ان
الصفا,صفا
والمروة,روة
من,من
شعائر,شعر
الله,الل
فمن,فمن
حج,حج
البيت,بيت
أو,او
اعتمر,عمر
فلا,فلا
جناح,جنح
عليه,عليه
أن,ان
يطوف,يطف
بهما,بهم
ومن,ومن
تطوع,تطع
خيرا,خير
فإن,فإن
الله,الل
شاكر,شكر
عليم,علم
إن,ان
الذين,الذين
يكتمون,كتم
ما,ما
أنزلنا,نزل
من,من
البينات,بين
والهدى,هدى
من,من
بعد,بعد
ما,ما
بيناه,بين
للناس,ناس
في,في
الكتاب,كتب
أولئك,ولئ
يلعنهم,يلع
الله,الل
ويلعنهم,يلع
اللاعنون,لعن
إلا,الا
الذين,الذين
تابوا,تاب
وأصلحوا,أصلح
وبينوا,وبن
فأولئك,أولئ
أتوب,اتب
عليهم,علي
وأنا,وأن
التواب,توب
الرحيم,رحم
إن,ان
الذين,الذين
كفروا,كفر
وماتوا,ومت
وهم,وهم
كفار,كفر
أولئك,ولئ
عليهم,علي
لعنة,لعن
الله,الل
والملائكة,لئك
والناس,ناس
أجمعين,جمع
خالدين,خلد
فيها,فيه
لا,لا
يخفف,خفف
عنهم,عنهم
العذاب,عذب
ولا,ولا
هم,هم
ينظرون,نظر
وإلهكم,وإل
إله,اله
واحد,وحد
لا,لا
إله,اله
إلا,الا
هو,هو
الرحمن,رحم
الرحيم,رحم
إن,ان
في,في
خلق,خلق
السماوات,سمو
والأرض,ارض
واختلاف,خلف
الليل,ليل
والنهار,نهر
والفلك,فلك
التي,التي
تجري,تجر
في,في
البحر,بحر
بما,بما
ينفع,نفع
الناس,ناس
وما,وما
أنزل,نزل
الله,الل
من,من
السماء,سمء
من,من
ماء,ماء
فأحيا,فأح
به,به
الأرض,ارض
بعد,بعد
موتها,موت
وبث,وبث
فيها,فيه
من,من
كل,كل
دابة,دبة
وتصريف,صرف
الرياح,ريح
والسحاب,سحب
المسخر,سخر
بين,بين
السماء,سمء
والأرض,ارض
لآيات,لآي
لقوم,لقم
يعقلون,عقل
ومن,ومن
الناس,ناس
من,من
يتخذ,تخذ
من,من
دون,دون
الله,الل
أندادا,داد
يحبونهم,حبو
كحب,كحب
الله,الل
والذين,ذين
آمنوا,امن
أشد,اشد
حبا,حبا
لله,لله
ولو,ولو
يرى,يرى
الذين,الذين
ظلموا,ظلم
إذ,اذ
يرون,يرن
العذاب,عذب
أن,ان
القوة,قوة
لله,لله
جميعا,جمع
وأن,وأن
الله,الل
شديد,شدد
العذاب,عذب
إذ,اذ
تبرأ,برأ
الذين,الذين
اتبعوا,تبع
من,من
الذين,الذين
اتبعوا,تبع
ورأوا,ورأ
العذاب,عذب
وتقطعت,قطع
بهم,بهم
الأسباب,سبب
وقال,وقل
الذين,الذين
اتبعوا,تبع
لو,لو
أن,ان
لنا,لنا
كرة,كرة
فنتبرأ,برأ
منهم,نهم
كما,كما
تبرءوا,برء
منا,منا
كذلك,كذلك
يريهم,يري
الله,الل
أعمالهم,عمل
حسرات,حسر
عليهم,علي
وما,وما
هم,هم
بخارجين,خرج
من,من
النار,نار
يا,يا
أيها,ايه
الناس,ناس
كلوا,كلا
مما,مما
في,في
الأرض,ارض
حلالا,حلل
طيبا,طيب
ولا,ولا
تتبعوا,تبع
خطوات,خطو
الشيطان,شيط
إنه,انه
لكم,لكم
عدو,عدو
مبين,بين
إنما,انم
يأمركم,أمر
بالسوء,سوء
والفحشاء,حشء
وأن,وأن
تقولوا,تقل
على,على
الله,الل
ما,ما
لا,لا
تعلمون,علم
وإذا,وإذ
قيل,قيل
لهم,لهم
اتبعوا,تبع
ما,ما
أنزل,نزل
الله,الل
قالوا,قال
بل,بل
نتبع,تبع
ما,ما
ألفينا,الف
عليه,عليه
آباءنا,ابء
أولو,ولو
كان,كان
آباؤهم,ابؤ
لا,لا
يعقلون,عقل
شيئا,شيئ
ولا,ولا
يهتدون,هتد
ومثل,مثل
الذين,الذين
كفروا,كفر
كمثل,كمثل
الذي,الذي
ينعق,نعق
بما,بما
لا,لا
يسمع,سمع
إلا,الا
دعاء,دعء
ونداء,ندء
صم,صم
بكم,بكم
عمي,عمي
فهم,فهم
لا,لا
يعقلون,عقل
يا,يا
أيها,ايه
الذين,الذين
آمنوا,امن
كلوا,كلا
من,من
طيبات,طيب
ما,ما
رزقناكم,رزق
واشكروا,شكر
لله,لله
إن,ان
كنتم,كنتم
إياه,ايه
تعبدون,عبد
إنما,انم
حرم,حرم
عليكم,علي
الميتة,يتة
والدم,لدم
ولحم,لحم
الخنزير,خنزير
وما,وما
أهل,اهل
به,به
لغير,لغر
الله,الل
فمن,فمن
اضطر,ضطر
غير,غير
باغ,باغ
ولا,ولا
عاد,عاد
فلا,فلا
إثم,اثم
عليه,عليه
إن,ان
الله,الل
غفور,غفر
رحيم,رحم
إن,ان
الذين,الذين
يكتمون,كتم
ما,ما
أنزل,نزل
الله,الل
من,من
الكتاب,كتب
ويشترون,شتر
به,به
ثمنا,ثمن
قليلا,قلل
أولئك,ولئ
ما,ما
يأكلون,أكل
في,في
بطونهم,بطن
إلا,الا
النار,نار
ولا,ولا
يكلمهم,كلم
الله,الل
يوم,يوم
القيامة,قيم
ولا,ولا
يزكيهم,يزك
ولهم,لهم
عذاب,عذب
أليم,الم
أولئك,ولئ
الذين,الذين
اشتروا,شتر
الضلالة,ضلل
بالهدى,هدى
والعذاب,عذب
بالمغفرة,غفر
فما,فما
أصبرهم,صبر
على,على
النار,نار
ذلك,ذلك
بأن,بأن
الله,الل
نزل,نزل
الكتاب,كتب
بالحق,لحق
وإن,وإن
الذين,الذين
اختلفوا,خلف
في,في
الكتاب,كتب
لفي,لفي
شقاق,شقق
بعيد,بعد
ليس,ليس
البر,لبر
أن,ان
تولوا,تول
وجوهكم,وجه
قبل,قبل
المشرق,شرق
والمغرب,غرب
ولكن,ولكن
البر,لبر
من,من
آمن,امن
بالله,بلل
واليوم,يوم
الآخر,اخر
والملائكة,لئك
والكتاب,كتب
والنبيين,نبي
وآتى,آتى
المال,مال
على,على
حبه,حبه
ذوي,ذوي
القربى,قربى
واليتامى,تمى
والمساكين,ساك
وابن,وبن
السبيل,سبل
والسائلين,سئل
وفي,وفي
الرقاب,رقب
وأقام,أقم
الصلاة,صلة
وآتى,آتى
الزكاة,زكة
والموفون,موف
بعهدهم,عهد
إذا,اذا
عاهدوا,عهد
والصابرين,صبر
في,في
البأساء,أسء
والضراء,ضرء
وحين,وحن
البأس,بأس
أولئك,ولئ
الذين,الذين
صدقوا,صدق
وأولئك,أولئ
هم,هم
المتقون,متق
يا,يا
أيها,ايه
الذين,الذين
آمنوا,امن
كتب,كتب
عليكم,علي
القصاص,قصص
في,في
القتلى,قتلى
الحر,لحر
بالحر,لحر
والعبد,عبد
بالعبد,عبد
والأنثى,نثى
بالأنثى,نثى
فمن,فمن
عفي,عفي
له,له
من,من
أخيه,اخه
شيء,شيء
فاتباع,تبع
بالمعروف,عرف
وأداء,أدء
إليه,اله
بإحسان,إحس
ذلك,ذلك
تخفيف,خفف
من,من
ربكم,ربكم
ورحمة,رحم
فمن,فمن
اعتدى,عدى
بعد,بعد
ذلك,ذلك
فله,فله
عذاب,عذب
أليم,الم
ولكم,لكم
في,في
القصاص,قصص
حياة,حية
يا,يا
أولي,اول
الألباب,لبب
لعلكم,لعل
تتقون,تتق
كتب,كتب
عليكم,علي
إذا,اذا
حضر,حضر
أحدكم,احد
الموت,موت
إن,ان
ترك,ترك
خيرا,خير
الوصية,وصة
للوالدين,ولد
والأقربين,قرب
بالمعروف,عرف
حقا,حقا
على,على
المتقين,متق
فمن,فمن
بدله,بدل
بعدما,بعد
سمعه,سمع
فإنما,فإن
إثمه,اثم
على,على
الذين,الذين
يبدلونه,دلو
إن,ان
الله,الل
سميع,سمع
عليم,علم
فمن,فمن
خاف,خاف
من,من
موص,موص
جنفا,جنف
أو,او
إثما,اثم
فأصلح,أصلح
بينهم,بين
فلا,فلا
إثم,اثم
عليه,عليه
إن,ان
الله,الل
غفور,غفر
رحيم,رحم
يا,يا
أيها,ايه
الذين,الذين
آمنوا,امن
كتب,كتب
عليكم,علي
الصيام,صيم
كما,كما
كتب,كتب
على,على
الذين,الذين
من,من
قبلكم,قبل
لعلكم,لعل
تتقون,تتق
أياما,ايا
معدودات,عدد
فمن,فمن
كان,كان
منكم,نكم
مريضا,ريض
أو,او
على,على
سفر,سفر
فعدة,فعد
من,من
أيام,ايم
أخر,اخر
وعلى,على
الذين,الذين
يطيقونه,طيقو
فدية,فدة
طعام,طعم
مسكين,مسك
فمن,فمن
تطوع,تطع
خيرا,خير
فهو,فهو
خير,خير
له,له
وأن,وأن
تصوموا,تصم
خير,خير
لكم,لكم
إن,ان
كنتم,كنتم
تعلمون,علم
شهر,شهر
رمضان,رمض
الذي,الذي
أنزل,نزل
فيه,فيه
القرآن,قرآ
هدى,هدى
للناس,ناس
وبينات,وبن
من,من
الهدى,هدى
والفرقان,فرق
فمن,فمن
شهد,شهد
منكم,نكم
الشهر,شهر
فليصمه,يصم
ومن,ومن
كان,كان
مريضا,ريض
أو,او
على,على
سفر,سفر
فعدة,فعد
من,من
أيام,ايم
أخر,اخر
يريد,يرد
الله,الل
بكم,بكم
اليسر,يسر
ولا,ولا
يريد,يرد
بكم,بكم
العسر,عسر
ولتكملوا,كمل
العدة,عدة
ولتكبروا,كبر
الله,الل
على,على
ما,ما
هداكم,هدا
ولعلكم,لعل
تشكرون,شكر
وإذا,وإذ
سألك,سأل
عبادي,عبد
عني,عني
فإني,فإن
قريب,قرب
أجيب,اجب
دعوة,دعة
الداع,داع
إذا,اذا
دعان,دعن
فليستجيبوا,فليستجيب
لي,لي
وليؤمنوا,يؤم
بي,بي
لعلهم,لعل
يرشدون,رشد
أحل,احل
لكم,لكم
ليلة,ليل
الصيام,صيم
الرفث,رفث
إلى,الى
نسائكم,نسئ
هن,هن
لباس,لبس
لكم,لكم
وأنتم,وأن
لباس,لبس
لهن,لهن
علم,علم
الله,الل
أنكم,نكم
كنتم,كنتم
تختانون,خان
أنفسكم,نفس
فتاب,فتب
عليكم,علي
وعفا,وعف
عنكم,عنكم
فالآن,فلآ
باشروهن,شرو
وابتغوا,بتغ
ما,ما
كتب,كتب
الله,الل
لكم,لكم
وكلوا,وكل
واشربوا,شرب
حتى,حتى
يتبين,يتب
لكم,لكم
الخيط,خيط
الأبيض,ابض
من,من
الخيط,خيط
الأسود,اسد
من,من
الفجر,فجر
ثم,ثم
أتموا,اتم
الصيام,صيم
إلى,الى
الليل,ليل
ولا,ولا
تباشروهن,شرو
وأنتم,وأن
عاكفون,عكف
في,في
المساجد,سجد
تلك,تلك
حدود,حدد
الله,الل
فلا,فلا
تقربوها,قربو
كذلك,كذلك
يبين,يبن
الله,الل
آياته,يته
للناس,ناس
لعلهم,لعل
يتقون,يتق
ولا,ولا
تأكلوا,أكل
أموالكم,مول
بينكم,بين
بالباطل,بطل
وتدلوا,تدل
بها,بها
إلى,الى
الحكام,حكم
لتأكلوا,أكل
فريقا,فرق
من,من
أموال,مول
الناس,ناس
بالإثم,اثم
وأنتم,وأن
تعلمون,علم
يسألونك,ألو
عن,عن
الأهلة,اهل
قل,قل
هي,هي
مواقيت,وقي
للناس,ناس
والحج,لحج
وليس,وليس
البر,لبر
بأن,بأن
تأتوا,تأت
البيوت,بيت
من,من
ظهورها,ظهر
ولكن,ولكن
البر,لبر
من,من
اتقى,تقى
وأتوا,وأت
البيوت,بيت
من,من
أبوابها,بوب
واتقوا,وتق
الله,الل
لعلكم,لعل
تفلحون,فلح
وقاتلوا,قتل
في,في
سبيل,سبل
الله,الل
الذين,الذين
يقاتلونكم,قاتلو
ولا,ولا
تعتدوا,عتد
إن,ان
الله,الل
لا,لا
يحب,يحب
المعتدين,عتد
واقتلوهم,قلو
حيث,حيث
ثقفتموهم,ثقفتمو
وأخرجوهم,أخرجو
من,من
حيث,حيث
أخرجوكم,خرجو
والفتنة,فتن
أشد,اشد
من,من
القتل,قتل
ولا,ولا
تقاتلوهم,قاتلو
عند,عند
المسجد,سجد
الحرام,حرم
حتى,حتى
يقاتلوكم,قاتلو
فيه,فيه
فإن,فإن
قاتلوكم,قاتلو
فاقتلوهم,قلو
كذلك,كذلك
جزاء,جزء
الكافرين,كفر
فإن,فإن
انتهوا,انت
فإن,فإن
الله,الل
غفور,غفر
رحيم,رحم
وقاتلوهم,قاتلو
حتى,حتى
لا,لا
تكون,تكون
فتنة,فتن
ويكون,ويك
الدين,دين
لله,لله
فإن,فإن
انتهوا,انت
فلا,فلا
عدوان,عدو
إلا,الا
على,على
الظالمين,ظلم
الشهر,شهر
الحرام,حرم
بالشهر,شهر
الحرام,حرم
والحرمات,حرم
قصاص,قصص
فمن,فمن
اعتدى,عدى
عليكم,علي
فاعتدوا,عتد
عليه,عليه
بمثل,مثل
ما,ما
اعتدى,عدى
عليكم,علي
واتقوا,وتق
الله,الل
واعلموا,علم
أن,ان
الله,الل
مع,مع
المتقين,متق
وأنفقوا,أنفق
في,في
سبيل,سبل
الله,الل
ولا,ولا
تلقوا,تلق
بأيديكم,بأد
إلى,الى
التهلكة,هلك
وأحسنوا,أحس
إن,ان
الله,الل
يحب,يحب
المحسنين,حسن
وأتموا,أتم
الحج,لحج
والعمرة,عمر
لله,لله
فإن,فإن
أحصرتم,حصر
فما,فما
استيسر,يسر
من,من
الهدي,هدي
ولا,ولا
تحلقوا,حلق
رءوسكم,رءس
حتى,حتى
يبلغ,بلغ
الهدي,هدي
محله,حله
فمن,فمن
كان,كان
منكم,نكم
مريضا,ريض
أو,او
به,به
أذى,اذى
من,من
رأسه,رأس
ففدية,ففد
من,من
صيام,صيم
أو,او
صدقة,صدق
أو,او
نسك,نسك
فإذا,فإذ
أمنتم,امن
فمن,فمن
تمتع,متع
بالعمرة,عمر
إلى,الى
الحج,لحج
فما,فما
استيسر,يسر
من,من
الهدي,هدي
فمن,فمن
لم,لم
يجد,يجد
فصيام,صيم
ثلاثة,ثلث
أيام,ايم
في,في
الحج,لحج
وسبعة,سبع
إذا,اذا
رجعتم,رجع
تلك,تلك
عشرة,عشر
كاملة,كمل
ذلك,ذلك
لمن,لمن
لم,لم
يكن,يكن
أهله,اهل
حاضري,حضر
المسجد,سجد
الحرام,حرم
واتقوا,وتق
الله,الل
واعلموا,علم
أن,ان
الله,الل
شديد,شدد
العقاب,عقب
الحج,لحج
أشهر,شهر
معلومات,علم
فمن,فمن
فرض,فرض
فيهن,فيه
الحج,لحج
فلا,فلا
رفث,رفث
ولا,ولا
فسوق,فسق
ولا,ولا
جدال,جدل
في,في
الحج,لحج
وما,وما
تفعلوا,فعل
من,من
خير,خير
يعلمه,علم
الله,الل
وتزودوا,تزد
فإن,فإن
خير,خير
الزاد,زاد
التقوى,تقى
واتقون,وتق
يا,يا
أولي,اول
الألباب,لبب
ليس,ليس
عليكم,علي
جناح,جنح
أن,ان
تبتغوا,بتغ
فضلا,فضل
من,من
ربكم,ربكم
فإذا,فإذ
أفضتم,افض
من,من
عرفات,عرف
فاذكروا,ذكر
الله,الل
عند,عند
المشعر,شعر
الحرام,حرم
واذكروه,ذكرو
كما,كما
هداكم,هدا
وإن,وإن
كنتم,كنتم
من,من
قبله,قبل
لمن,لمن
الضالين,ضال
ثم,ثم
أفيضوا,افض
من,من
حيث,حيث
أفاض,افض
الناس,ناس
واستغفروا,غفر
الله,الل
إن,ان
الله,الل
غفور,غفر
رحيم,رحم
فإذا,فإذ
قضيتم,قضي
مناسككم,نسك
فاذكروا,ذكر
الله,الل
كذكركم,كذكر
آباءكم,ابء
أو,او
أشد,اشد
ذكرا,ذكر
فمن,فمن
الناس,ناس
من,من
يقول,يقل
ربنا,ربن
آتنا,اتن
في,في
الدنيا,دنا
وما,وما
له,له
في,في
الآخرة,اخر
من,من
خلاق,خلق
ومنهم,ومن
من,من
يقول,يقل
ربنا,ربن
آتنا,اتن
في,في
الدنيا,دنا
حسنة,حسن
وفي,وفي
الآخرة,اخر
حسنة,حسن
وقنا,وقن
عذاب,عذب
النار,نار
أولئك,ولئ
لهم,لهم
نصيب,نصب
مما,مما
كسبوا,كسب
والله,ولل
سريع,سرع
الحساب,حسب
واذكروا,ذكر
الله,الل
في,في
أيام,ايم
معدودات,عدد
فمن,فمن
تعجل,عجل
في,في
يومين,يوم
فلا,فلا
إثم,اثم
عليه,عليه
ومن,ومن
تأخر,أخر
فلا,فلا
إثم,اثم
عليه,عليه
لمن,لمن
اتقى,تقى
واتقوا,وتق
الله,الل
واعلموا,علم
أنكم,نكم
إليه,اله
تحشرون,حشر
ومن,ومن
الناس,ناس
من,من
يعجبك,عجب
قوله,قول
في,في
الحياة,حية
الدنيا,دنا
ويشهد,شهد
الله,الل
على,على
ما,ما
في,في
قلبه,قلب
وهو,وهو
ألد,الد
الخصام,خصم
وإذا,وإذ
تولى,ولى
سعى,سعى
في,في
الأرض,ارض
ليفسد,فسد
فيها,فيه
ويهلك,يهل
الحرث,حرث
والنسل,نسل
والله,ولل
لا,لا
يحب,يحب
الفساد,فسد
وإذا,وإذ
قيل,قيل
له,له
اتق,اتق
الله,الل
أخذته,اخذ
العزة,عزة
بالإثم,اثم
فحسبه,حسب
جهنم,جهنم
ولبئس,بئس
المهاد,هاد
ومن,ومن
الناس,ناس
من,من
يشري,يشر
نفسه,نفس
ابتغاء,بغء
مرضات,مرض
الله,الل
والله,ولل
رءوف,رءف
بالعباد,عبد
يا,يا
أيها,ايه
الذين,الذين
آمنوا,امن
ادخلوا,دخل
في,في
السلم,سلم
كافة,كفة
ولا,ولا
تتبعوا,تبع
خطوات,خطو
الشيطان,شيط
إنه,انه
لكم,لكم
عدو,عدو
مبين,بين
فإن,فإن
زللتم,زلل
من,من
بعد,بعد
ما,ما
جاءتكم,جءت
البينات,بين
فاعلموا,علم
أن,ان
الله,الل
عزيز,عزز
حكيم,حكم
هل,هل
ينظرون,نظر
إلا,الا
أن,ان
يأتيهم,يأت
الله,الل
في,في
ظلل,ظلل
من,من
الغمام,غمم
والملائكة,لئك
وقضي,وقض
الأمر,امر
وإلى,إلى
الله,الل
ترجع,رجع
الأمور,امر
سل,سل
بني,بني
إسرائيل,رائيل
كم,كم
آتيناهم,اتن
من,من
آية,اية
بينة,بين
ومن,ومن
يبدل,بدل
نعمة,نعم
الله,الل
من,من
بعد,بعد
ما,ما
جاءته,جءت
فإن,فإن
الله,الل
شديد,شدد
العقاب,عقب
زين,زين
للذين,ذين
كفروا,كفر
الحياة,حية
الدنيا,دنا
ويسخرون,سخر
من,من
الذين,الذين
آمنوا,امن
والذين,ذين
اتقوا,اتق
فوقهم,فوق
يوم,يوم
القيامة,قيم
والله,ولل
يرزق,رزق
من,من
يشاء,يشء
بغير,بغر
حساب,حسب
كان,كان
الناس,ناس
أمة,امة
واحدة,وحد
فبعث,بعث
الله,الل
النبيين,نبي
مبشرين,بشر
ومنذرين,نذر
وأنزل,أنزل
معهم,عهم
الكتاب,كتب
بالحق,لحق
ليحكم,ليح
بين,بين
الناس,ناس
فيما,فيم
اختلفوا,خلف
فيه,فيه
وما,وما
اختلف,خلف
فيه,فيه
إلا,الا
الذين,الذين
أوتوه,ووه
من,من
بعد,بعد
ما,ما
جاءتهم,جءت
البينات,بين
بغيا,بغا
بينهم,بين
فهدى,هدى
الله,الل
الذين,الذين
آمنوا,امن
لما,لما
اختلفوا,خلف
فيه,فيه
من,من
الحق,لحق
بإذنه,بإذ
والله,ولل
يهدي,يهد
من,من
يشاء,يشء
إلى,الى
صراط,صرط
مستقيم,قيم
أم,ام
حسبتم,حسب
أن,ان
تدخلوا,دخل
الجنة,جنة
ولما,ولم
يأتكم,يأت
مثل,مثل
الذين,الذين
خلوا,خلا
من,من
قبلكم,قبل
مستهم,مست
البأساء,أسء
والضراء,ضرء
وزلزلوا,زلزل
حتى,حتى
يقول,يقل
الرسول,رسل
والذين,ذين
آمنوا,امن
معه,معه
متى,متى
نصر,نصر
الله,الل
ألا,الا
إن,ان
نصر,نصر
الله,الل
قريب,قرب
يسألونك,ألو
ماذا,اذا
ينفقون,نفق
قل,قل
ما,ما
أنفقتم,نفق
من,من
خير,خير
فللوالدين,للد
والأقربين,قرب
واليتامى,تمى
والمساكين,ساك
وابن,وبن
السبيل,سبل
وما,وما
تفعلوا,فعل
من,من
خير,خير
فإن,فإن
الله,الل
به,به
عليم,علم
كتب,كتب
عليكم,علي
القتال,قتل
وهو,وهو
كره,كره
لكم,لكم
وعسى,عسى
أن,ان
تكرهوا,تكر
شيئا,شيئ
وهو,وهو
خير,خير
لكم,لكم
وعسى,عسى
أن,ان
تحبوا,تحب
شيئا,شيئ
وهو,وهو
شر,شر
لكم,لكم
والله,ولل
يعلم,علم
وأنتم,وأن
لا,لا
تعلمون,علم
يسألونك,ألو
عن,عن
الشهر,شهر
الحرام,حرم
قتال,قتل
فيه,فيه
قل,قل
قتال,قتل
فيه,فيه
كبير,كبر
وصد,وصد
عن,عن
سبيل,سبل
الله,الل
وكفر,كفر
به,به
والمسجد,سجد
الحرام,حرم
وإخراج,إخراج
أهله,اهل
منه,منه
أكبر,كبر
عند,عند
الله,الل
والفتنة,فتن
أكبر,كبر
من,من
القتل,قتل
ولا,ولا
يزالون,يزل
يقاتلونكم,قاتلو
حتى,حتى
يردوكم,ردو
عن,عن
دينكم,دين
إن,ان
استطاعوا,طاع
ومن,ومن
يرتدد,ردد
منكم,نكم
عن,عن
دينه,دين
فيمت,فيم
وهو,وهو
كافر,كفر
فأولئك,أولئ
حبطت,حبط
أعمالهم,عمل
في,في
الدنيا,دنا
والآخرة,اخر
وأولئك,أولئ
أصحاب,صحب
النار,نار
هم,هم
فيها,فيه
خالدون,خلد
إن,ان
الذين,الذين
آمنوا,امن
والذين,ذين
هاجروا,هجر
وجاهدوا,جهد
في,في
سبيل,سبل
الله,الل
أولئك,ولئ
يرجون,يرج
رحمت,رحم
الله,الل
والله,ولل
غفور,غفر
رحيم,رحم
يسألونك,ألو
عن,عن
الخمر,خمر
والميسر,يسر
قل,قل
فيهما,فيه
إثم,اثم
كبير,كبر
ومنافع,نفع
للناس,ناس
وإثمهما,إثم
أكبر,كبر
من,من
نفعهما,نفع
ويسألونك,ويسألونك
ماذا,اذا
ينفقون,نفق
قل,قل
العفو,عفو
كذلك,كذلك
يبين,يبن
الله,الل
لكم,لكم
الآيات,ايت
لعلكم,لعل
تتفكرون,فكر
في,في
الدنيا,دنا
والآخرة,اخر
ويسألونك,ويسألونك
عن,عن
اليتامى,تمى
قل,قل
إصلاح,صلح
لهم,لهم
خير,خير
وإن,وإن
تخالطوهم,خالطو
فإخوانكم,إخو
والله,ولل
يعلم,علم
المفسد,فسد
من,من
المصلح,صلح
ولو,ولو
شاء,شاء
الله,الل
لأعنتكم,لأع
إن,ان
الله,الل
عزيز,عزز
حكيم,حكم
ولا,ولا
تنكحوا,نكح
المشركات,شرك
حتى,حتى
يؤمن,يؤم
ولأمة,لأم
مؤمنة,ؤمن
خير,خير
من,من
مشركة,شرك
ولو,ولو
أعجبتكم,عجب
ولا,ولا
تنكحوا,نكح
المشركين,شرك
حتى,حتى
يؤمنوا,يؤم
ولعبد,عبد
مؤمن,ؤمن
خير,خير
من,من
مشرك,شرك
ولو,ولو
أعجبكم,عجب
أولئك,ولئ
يدعون,يدع
إلى,الى
النار,نار
والله,ولل
يدعو,دعو
إلى,الى
الجنة,جنة
والمغفرة,غفر
بإذنه,بإذ
ويبين,ويب
آياته,يته
للناس,ناس
لعلهم,لعل
يتذكرون,ذكر
ويسألونك,ويسألونك
عن,عن
المحيض,حيض
قل,قل
هو,هو
أذى,اذى
فاعتزلوا,عزل
النساء,نسء
في,في
المحيض,حيض
ولا,ولا
تقربوهن,قربو
حتى,حتى
يطهرن,طهر
فإذا,فإذ
تطهرن,طهر
فأتوهن,أتو
من,من
حيث,حيث
أمركم,امر
الله,الل
إن,ان
الله,الل
يحب,يحب
التوابين,توب
ويحب,يحب
المتطهرين,تطهر
نساؤكم,نسؤ
حرث,حرث
لكم,لكم
فأتوا,فأت
حرثكم,حرث
أنى,انى
شئتم,شئتم
وقدموا,قدم
لأنفسكم,أنفس
واتقوا,وتق
الله,الل
واعلموا,علم
أنكم,نكم
ملاقوه,لقو
وبشر,بشر
المؤمنين,ؤمن
ولا,ولا
تجعلوا,جعل
الله,الل
عرضة,عرض
لأيمانكم,لأم
أن,ان
تبروا,تبر
وتتقوا,تتق
وتصلحوا,صلح
بين,بين
الناس,ناس
والله,ولل
سميع,سمع
عليم,علم
لا,لا
يؤاخذكم,ؤخذ
الله,الل
باللغو,لغو
في,في
أيمانكم,يمن
ولكن,ولكن
يؤاخذكم,ؤخذ
بما,بما
كسبت,كسب
قلوبكم,قلب
والله,ولل
غفور,غفر
حليم,حلم
للذين,ذين
يؤلون,يؤل
من,من
نسائهم,نسئ
تربص,ربص
أربعة,ربع
أشهر,شهر
فإن,فإن
فاءوا,فاء
فإن,فإن
الله,الل
غفور,غفر
رحيم,رحم
وإن,وإن
عزموا,عزم
الطلاق,طلق
فإن,فإن
الله,الل
سميع,سمع
عليم,علم
والمطلقات,طلق
يتربصن,ربص
بأنفسهن,أنفس
ثلاثة,ثلث
قروء,قرء
ولا,ولا
يحل,يحل
لهن,لهن
أن,ان
يكتمن,كمن
ما,ما
خلق,خلق
الله,الل
في,في
أرحامهن,رحم
إن,ان
كن,كن
يؤمن,يؤم
بالله,بلل
واليوم,يوم
الآخر,اخر
وبعولتهن,بعل
أحق,احق
بردهن,برد
في,في
ذلك,ذلك
إن,ان
أرادوا,ارد
إصلاحا,صلح
ولهن,وله
مثل,مثل
الذي,الذي
عليهن,علي
بالمعروف,عرف
وللرجال,رجل
عليهن,علي
درجة,درج
والله,ولل
عزيز,عزز
حكيم,حكم
الطلاق,طلق
مرتان,مرت
فإمساك,إمس
بمعروف,عرف
أو,او
تسريح,سرح
بإحسان,إحس
ولا,ولا
يحل,يحل
لكم,لكم
أن,ان
تأخذوا,أخذ
مما,مما
آتيتموهن,يمو
شيئا,شيئ
إلا,الا
أن,ان
يخافا,يخف
ألا,الا
يقيما,يقي
حدود,حدد
الله,الل
فإن,فإن
خفتم,خفتم
ألا,الا
يقيما,يقي
حدود,حدد
الله,الل
فلا,فلا
جناح,جنح
عليهما,عله
فيما,فيم
افتدت,فدت
به,به
تلك,تلك
حدود,حدد
الله,الل
فلا,فلا
تعتدوها,عدو
ومن,ومن
يتعد,تعد
حدود,حدد
الله,الل
فأولئك,أولئ
هم,هم
الظالمون,ظلم
فإن,فإن
طلقها,طلق
فلا,فلا
تحل,تحل
له,له
من,من
بعد,بعد
حتى,حتى
تنكح,نكح
زوجا,زوج
غيره,غير
فإن,فإن
طلقها,طلق
فلا,فلا
جناح,جنح
عليهما,عله
أن,ان
يتراجعا,رجع
إن,ان
ظنا,ظنا
أن,ان
يقيما,يقي
حدود,حدد
الله,الل
وتلك,وتل
حدود,حدد
الله,الل
يبينها,يبن
لقوم,لقم
يعلمون,علم
وإذا,وإذ
طلقتم,طلق
النساء,نسء
فبلغن,بلغ
أجلهن,اجل
فأمسكوهن,أمسكو
بمعروف,عرف
أو,او
سرحوهن,رحو
بمعروف,عرف
ولا,ولا
تمسكوهن,سكو
ضرارا,ضرر
لتعتدوا,عتد
ومن,ومن
يفعل,فعل
ذلك,ذلك
فقد,فقد
ظلم,ظلم
نفسه,نفس
ولا,ولا
تتخذوا,تخذ
آيات,ايت
الله,الل
هزوا,هزا
واذكروا,ذكر
نعمت,نعم
الله,الل
عليكم,علي
وما,وما
أنزل,نزل
عليكم,علي
من,من
الكتاب,كتب
والحكمة,حكم
يعظكم,يعظ
به,به
واتقوا,وتق
الله,الل
واعلموا,علم
أن,ان
الله,الل
بكل,بكل
شيء,شيء
عليم,علم
وإذا,وإذ
طلقتم,طلق
النساء,نسء
فبلغن,بلغ
أجلهن,اجل
فلا,فلا
تعضلوهن,عضلو
أن,ان
ينكحن,نكح
أزواجهن,زوج
إذا,اذا
تراضوا,ترض
بينهم,بين
بالمعروف,عرف
ذلك,ذلك
يوعظ,وعظ
به,به
من,من
كان,كان
منكم,نكم
يؤمن,يؤم
بالله,بلل
واليوم,يوم
الآخر,اخر
ذلكم,ذلكم
أزكى,زكى
لكم,لكم
وأطهر,أطهر
والله,ولل
يعلم,علم
وأنتم,وأن
لا,لا
تعلمون,علم
والوالدات,ولد
يرضعن,رضع
أولادهن,ولد
حولين,حول
كاملين,كمل
لمن,لمن
أراد,ارد
أن,ان
يتم,يتم
الرضاعة,رضع
وعلى,على
المولود,ولد
له,له
رزقهن,رزق
وكسوتهن,كسو
بالمعروف,عرف
لا,لا
تكلف,كلف
نفس,نفس
إلا,الا
وسعها,وسع
لا,لا
تضار,تضر
والدة,ولد
بولدها,ولد
ولا,ولا
مولود,ولد
له,له
بولده,ولد
وعلى,على
الوارث,ورث
مثل,مثل
ذلك,ذلك
فإن,فإن
أرادا,ردا
فصالا,فصل
عن,عن
تراض,ترض
منهما,منه
وتشاور,شور
فلا,فلا
جناح,جنح
عليهما,عله
وإن,وإن
أردتم,ارد
أن,ان
تسترضعوا,رضع
أولادكم,ولد
فلا,فلا
جناح,جنح
عليكم,علي
إذا,اذا
سلمتم,سلم
ما,ما
آتيتم,اتي
بالمعروف,عرف
واتقوا,وتق
الله,الل
واعلموا,علم
أن,ان
الله,الل
بما,بما
تعملون,عمل
بصير,بصر
والذين,ذين
يتوفون,يتف
منكم,نكم
ويذرون,يذر
أزواجا,زوج
يتربصن,ربص
بأنفسهن,أنفس
أربعة,ربع
أشهر,شهر
وعشرا,عشر
فإذا,فإذ
بلغن,بلغ
أجلهن,اجل
فلا,فلا
جناح,جنح
عليكم,علي
فيما,فيم
فعلن,فعل
في,في
أنفسهن,نفس
بالمعروف,عرف
والله,ولل
بما,بما
تعملون,عمل
خبير,خبر
ولا,ولا
جناح,جنح
عليكم,علي
فيما,فيم
عرضتم,عرض
به,به
من,من
خطبة,خطب
النساء,نسء
أو,او
أكننتم,اكن
في,في
أنفسكم,نفس
علم,علم
الله,الل
أنكم,نكم
ستذكرونهن,ذكرو
ولكن,ولكن
لا,لا
تواعدوهن,عدو
سرا,سرا
إلا,الا
أن,ان
تقولوا,تقل
قولا,قول
معروفا,عرف
ولا,ولا
تعزموا,عزم
عقدة,عقد
النكاح,نكح
حتى,حتى
يبلغ,بلغ
الكتاب,كتب
أجله,اجل
واعلموا,علم
أن,ان
الله,الل
يعلم,علم
ما,ما
في,في
أنفسكم,نفس
فاحذروه,حذرو
واعلموا,علم
أن,ان
الله,الل
غفور,غفر
حليم,حلم
لا,لا
جناح,جنح
عليكم,علي
إن,ان
طلقتم,طلق
النساء,نسء
ما,ما
لم,لم
تمسوهن,مسو
أو,او
تفرضوا,فرض
لهن,لهن
فريضة,فرض
ومتعوهن,تعو
على,على
الموسع,وسع
قدره,قدر
وعلى,على
المقتر,قتر
قدره,قدر
متاعا,تعا
بالمعروف,عرف
حقا,حقا
على,على
المحسنين,حسن
وإن,وإن
طلقتموهن,طلقتمو
من,من
قبل,قبل
أن,ان
تمسوهن,مسو
وقد,وقد
فرضتم,فرض
لهن,لهن
فريضة,فرض
فنصف,نصف
ما,ما
فرضتم,فرض
إلا,الا
أن,ان
يعفون,يعف
أو,او
يعفو,عفو
الذي,الذي
بيده,بيد
عقدة,عقد
النكاح,نكح
وأن,وأن
تعفوا,تعف
أقرب,قرب
للتقوى,تقى
ولا,ولا
تنسوا,تنس
الفضل,فضل
بينكم,بين
إن,ان
الله,الل
بما,بما
تعملون,عمل
بصير,بصر
حافظوا,حفظ
على,على
الصلوات,صلو
والصلاة,صلة
الوسطى,سطى
وقوموا,وقم
لله,لله
قانتين,قان
فإن,فإن
خفتم,خفتم
فرجالا,رجل
أو,او
ركبانا,ركب
فإذا,فإذ
أمنتم,امن
فاذكروا,ذكر
الله,الل
كما,كما
علمكم,علم
ما,ما
لم,لم
تكونوا,تكن
تعلمون,علم
والذين,ذين
يتوفون,يتف
منكم,نكم
ويذرون,يذر
أزواجا,زوج
وصية,وصة
لأزواجهم,أزواج
متاعا,تعا
إلى,الى
الحول,حول
غير,غير
إخراج,خرج
فإن,فإن
خرجن,خرج
فلا,فلا
جناح,جنح
عليكم,علي
في,في
ما,ما
فعلن,فعل
في,في
أنفسهن,نفس
من,من
معروف,عرف
والله,ولل
عزيز,عزز
حكيم,حكم
وللمطلقات,طلق
متاع,تاع
بالمعروف,عرف
حقا,حقا
على,على
المتقين,متق
كذلك,كذلك
يبين,يبن
الله,الل
لكم,لكم
آياته,يته
لعلكم,لعل
تعقلون,عقل
ألم,الم
تر,تر
إلى,الى
الذين,الذين
خرجوا,خرج
من,من
ديارهم,دير
وهم,وهم
ألوف,الف
حذر,حذر
الموت,موت
فقال,فقل
لهم,لهم
الله,الل
موتوا,موت
ثم,ثم
أحياهم,احا
إن,ان
الله,الل
لذو,لذو
فضل,فضل
على,على
الناس,ناس
ولكن,ولكن
أكثر,كثر
الناس,ناس
لا,لا
يشكرون,شكر
وقاتلوا,قتل
في,في
سبيل,سبل
الله,الل
واعلموا,علم
أن,ان
الله,الل
سميع,سمع
عليم,علم
من,من
ذا,ذا
الذي,الذي
يقرض,قرض
الله,الل
قرضا,قرض
حسنا,حسن
فيضاعفه,ضعف
له,له
أضعافا,ضعف
كثيرة,كثر
والله,ولل
يقبض,قبض
ويبسط,بسط
وإليه,وإل
ترجعون,رجع
ألم,الم
تر,تر
إلى,الى
الملإ,ملإ
من,من
بني,بني
إسرائيل,رائيل
من,من
بعد,بعد
موسى,وسى
إذ,اذ
قالوا,قال
لنبي,لنب
لهم,لهم
ابعث,بعث
لنا,لنا
ملكا,لكا
نقاتل,قتل
في,في
سبيل,سبل
الله,الل
قال,قال
هل,هل
عسيتم,عسي
إن,ان
كتب,كتب
عليكم,علي
القتال,قتل
ألا,الا
تقاتلوا,قتل
قالوا,قال
وما,وما
لنا,لنا
ألا,الا
نقاتل,قتل
في,في
سبيل,سبل
الله,الل
وقد,وقد
أخرجنا,خرج
من,من
ديارنا,دير
وأبنائنا,أبنائ
فلما,فلم
كتب,كتب
عليهم,علي
القتال,قتل
تولوا,تول
إلا,الا
قليلا,قلل
منهم,نهم
والله,ولل
عليم,علم
بالظالمين,ظلم
وقال,وقل
لهم,لهم
نبيهم,نبي
إن,ان
الله,الل
قد,قد
بعث,بعث
لكم,لكم
طالوت,طلت
ملكا,لكا
قالوا,قال
أنى,انى
يكون,يكون
له,له
الملك,ملك
علينا,علي
ونحن,ونح
أحق,احق
بالملك,ملك
منه,منه
ولم,ولم
يؤت,يؤت
سعة,سعة
من,من
المال,مال
قال,قال
إن,ان
الله,الل
اصطفاه,صطف
عليكم,علي
وزاده,وزد
بسطة,بسط
في,في
العلم,علم
والجسم,جسم
والله,ولل
يؤتي,يؤت
ملكه,لكه
من,من
يشاء,يشء
والله,ولل
واسع,وسع
عليم,علم
وقال,وقل
لهم,لهم
نبيهم,نبي
إن,ان
آية,اية
ملكه,لكه
أن,ان
يأتيكم,يأت
التابوت,تبت
فيه,فيه
سكينة,سكن
من,من
ربكم,ربكم
وبقية,وبق
مما,مما
ترك,ترك
آل,ال
موسى,وسى
وآل,وآل
هارون,هار
تحمله,حمل
الملائكة,لئك
إن,ان
في,في
ذلك,ذلك
لآية,لآة
لكم,لكم
إن,ان
كنتم,كنتم
مؤمنين,ؤمن
فلما,فلم
فصل,فصل
طالوت,طلت
بالجنود,جند
قال,قال
إن,ان
الله,الل
مبتليكم,بلي
بنهر,نهر
فمن,فمن
شرب,شرب
منه,منه
فليس,فلس
مني,مني
ومن,ومن
لم,لم
يطعمه,طعم
فإنه,فإن
مني,مني
إلا,الا
من,من
اغترف,غرف
غرفة,غرف
بيده,بيد
فشربوا,شرب
منه,منه
إلا,الا
قليلا,قلل
منهم,نهم
فلما,فلم
جاوزه,جوز
هو,هو
والذين,ذين
آمنوا,امن
معه,معه
قالوا,قال
لا,لا
طاقة,طقة
لنا,لنا
اليوم,اليوم
بجالوت,جلو
وجنوده,جند
قال,قال
الذين,الذين
يظنون,يظن
أنهم,نهم
ملاقو,لقو
الله,الل
كم,كم
من,من
فئة,فئة
قليلة,قلل
غلبت,غلب
فئة,فئة
كثيرة,كثر
بإذن,بإذ
الله,الل
والله,ولل
مع,مع
الصابرين,صبر
ولما,ولم
برزوا,برز
لجالوت,جلو
وجنوده,جند
قالوا,قال
ربنا,ربن
أفرغ,فرغ
علينا,علي
صبرا,صبر
وثبت,وثب
أقدامنا,قدم
وانصرنا,نصر
على,على
القوم,قوم
الكافرين,كفر
فهزموهم,هزمو
بإذن,بإذ
الله,الل
وقتل,قتل
داوود,دود
جالوت,جلت
وآتاه,وآت
الله,الل
الملك,ملك
والحكمة,حكم
وعلمه,علم
مما,مما
يشاء,يشء
ولولا,ولل
دفع,دفع
الله,الل
الناس,ناس
بعضهم,بعض
ببعض,بعض
لفسدت,فسد
الأرض,ارض
ولكن,ولكن
الله,الل
ذو,ذو
فضل,فضل
على,على
العالمين,علم
تلك,تلك
آيات,ايت
الله,الل
نتلوها,تلو
عليك,علك
بالحق,لحق
وإنك,وإن
لمن,لمن
المرسلين,رسل
تلك,تلك
الرسل,رسل
فضلنا,فضل
بعضهم,بعض
على,على
بعض,بعض
منهم,نهم
من,من
كلم,كلم
الله,الل
ورفع,رفع
بعضهم,بعض
درجات,درج
وآتينا,وآت
عيسى,عيسى
ابن,ابن
مريم,ريم
البينات,بين
وأيدناه,وأد
بروح,برح
القدس,قدس
ولو,ولو
شاء,شاء
الله,الل
ما,ما
اقتتل,قتل
الذين,الذين
من,من
بعدهم,بعد
من,من
بعد,بعد
ما,ما
جاءتهم,جءت
البينات,بين
ولكن,ولكن
اختلفوا,خلف
فمنهم,فمن
من,من
آمن,امن
ومنهم,ومن
من,من
كفر,كفر
ولو,ولو
شاء,شاء
الله,الل
ما,ما
اقتتلوا,قتل
ولكن,ولكن
الله,الل
يفعل,فعل
ما,ما
يريد,يرد
يا,يا
أيها,ايه
الذين,الذين
آمنوا,امن
أنفقوا,نفق
مما,مما
رزقناكم,رزق
من,من
قبل,قبل
أن,ان
يأتي,يأت
يوم,يوم
لا,لا
بيع,بيع
فيه,فيه
ولا,ولا
خلة,خلة
ولا,ولا
شفاعة,شفع
والكافرون,كفر
هم,هم
الظالمون,ظلم
الله,الل
لا,لا
إله,اله
إلا,الا
هو,هو
الحي,الح
القيوم,قيم
لا,لا
تأخذه,أخذ
سنة,سنة
ولا,ولا
نوم,نوم
له,له
ما,ما
في,في
السماوات,سمو
وما,وما
في,في
الأرض,ارض
من,من
ذا,ذا
الذي,الذي
يشفع,شفع
عنده,عند
إلا,الا
بإذنه,بإذ
يعلم,علم
ما,ما
بين,بين
أيديهم,ايد
وما,وما
خلفهم,خلف
ولا,ولا
يحيطون,يحط
بشيء,بشء
من,من
علمه,علم
إلا,الا
بما,بما
شاء,شاء
وسع,وسع
كرسيه,كرس
السماوات,سمو
والأرض,ارض
ولا,ولا
يئوده,يئد
حفظهما,حفظ
وهو,وهو
العلي,علي
العظيم,عظم
لا,لا
إكراه,كره
في,في
الدين,دين
قد,قد
تبين,تبن
الرشد,رشد
من,من
الغي,الغ
فمن,فمن
يكفر,كفر
بالطاغوت,طغت
ويؤمن,يؤم
بالله,بلل
فقد,فقد
استمسك,مسك
بالعروة,عرة
الوثقى,ثقى
لا,لا
انفصام,فصم
لها,لها
والله,ولل
سميع,سمع
عليم,علم
الله,الل
ولي,ولي
الذين,الذين
آمنوا,امن
يخرجهم,خرج
من,من
الظلمات,ظلم
إلى,الى
النور,نور
والذين,ذين
كفروا,كفر
أولياؤهم,ليؤ
الطاغوت,طغت
يخرجونهم,خرجو
من,من
النور,نور
إلى,الى
الظلمات,ظلم
أولئك,ولئ
أصحاب,صحب
النار,نار
هم,هم
فيها,فيه
خالدون,خلد
ألم,الم
تر,تر
إلى,الى
الذي,الذي
حاج,حاج
إبراهيم,راهيم
في,في
ربه,ربه
أن,ان
آتاه,اته
الله,الل
الملك,ملك
إذ,اذ
قال,قال
إبراهيم,راهيم
ربي,ربي
الذي,الذي
يحيي,يحي
ويميت,ويم
قال,قال
أنا,انا
أحيي,احي
وأميت,وأم
قال,قال
إبراهيم,راهيم
فإن,فإن
الله,الل
يأتي,يأت
بالشمس,شمس
من,من
المشرق,شرق
فأت,فأت
بها,بها
من,من
المغرب,غرب
فبهت,فبه
الذي,الذي
كفر,كفر
والله,ولل
لا,لا
يهدي,يهد
القوم,قوم
الظالمين,ظلم
أو,او
كالذي,كلذ
مر,مر
على,على
قرية,قرة
وهي,وهي
خاوية,خاي
على,على
عروشها,عرش
قال,قال
أنى,انى
يحيي,يحي
هذه,هذه
الله,الل
بعد,بعد
موتها,موت
فأماته,فأم
الله,الل
مائة,ائة
عام,عام
ثم,ثم
بعثه,بعث
قال,قال
كم,كم
لبثت,لبث
قال,قال
لبثت,لبث
يوما,يوم
أو,او
بعض,بعض
يوم,يوم
قال,قال
بل,بل
لبثت,لبث
مائة,ائة
عام,عام
فانظر,نظر
إلى,الى
طعامك,طعم
وشرابك,شرب
لم,لم
يتسنه,يتس
وانظر,نظر
إلى,الى
حمارك,حمر
ولنجعلك,جعل
آية,اية
للناس,ناس
وانظر,نظر
إلى,الى
العظام,عظم
كيف,كيف
ننشزها,نشز
ثم,ثم
نكسوها,كسو
لحما,لحم
فلما,فلم
تبين,تبن
له,له
قال,قال
أعلم,علم
أن,ان
الله,الل
على,على
كل,كل
شيء,شيء
قدير,قدر
وإذ,وإذ
قال,قال
إبراهيم,راهيم
رب,رب
أرني,ارن
كيف,كيف
تحيي,تحي
الموتى,وتى
قال,قال
أولم,ولم
تؤمن,تؤم
قال,قال
بلى,بلى
ولكن,ولكن
ليطمئن,طمئ
قلبي,قلب
قال,قال
فخذ,فخذ
أربعة,ربع
من,من
الطير,طير
فصرهن,فصر
إليك,الك
ثم,ثم
اجعل,جعل
على,على
كل,كل
جبل,جبل
منهن,نهن
جزءا,جزء
ثم,ثم
ادعهن,ادع
يأتينك,أين
سعيا,سعا
واعلم,علم
أن,ان
الله,الل
عزيز,عزز
حكيم,حكم
مثل,مثل
الذين,الذين
ينفقون,نفق
أموالهم,مول
في,في
سبيل,سبل
الله,الل
كمثل,كمثل
حبة,حبة
أنبتت,بتت
سبع,سبع
سنابل,نبل
في,في
كل,كل
سنبلة,نبل
مائة,ائة
حبة,حبة
والله,ولل
يضاعف,ضعف
لمن,لمن
يشاء,يشء
والله,ولل
واسع,وسع
عليم,علم
الذين,الذين
ينفقون,نفق
أموالهم,مول
في,في
سبيل,سبل
الله,الل
ثم,ثم
لا,لا
يتبعون,تبع
ما,ما
أنفقوا,نفق
منا,منا
ولا,ولا
أذى,اذى
لهم,لهم
أجرهم,اجر
عند,عند
ربهم,ربهم
ولا,ولا
خوف,خوف
عليهم,علي
ولا,ولا
هم,هم
يحزنون,يحز
قول,قول
معروف,عرف
ومغفرة,غفر
خير,خير
من,من
صدقة,صدق
يتبعها,تبع
أذى,اذى
والله,ولل
غني,غني
حليم,حلم
يا,يا
أيها,ايه
الذين,الذين
آمنوا,امن
لا,لا
تبطلوا,بطل
صدقاتكم,صدق
بالمن,بلم
والأذى,اذى
كالذي,كلذ
ينفق,نفق
ماله,اله
رئاء,رئء
الناس,ناس
ولا,ولا
يؤمن,يؤم
بالله,بلل
واليوم,يوم
الآخر,اخر
فمثله,مثل
كمثل,كمثل
صفوان,صفو
عليه,عليه
تراب,ترب
فأصابه,أصب
وابل,وبل
فتركه,فتر
صلدا,صلد
لا,لا
يقدرون,قدر
على,على
شيء,شيء
مما,مما
كسبوا,كسب
والله,ولل
لا,لا
يهدي,يهد
القوم,قوم
الكافرين,كفر
ومثل,مثل
الذين,الذين
ينفقون,نفق
أموالهم,مول
ابتغاء,بغء
مرضات,مرض
الله,الل
وتثبيتا,تثب
من,من
أنفسهم,نفس
كمثل,كمثل
جنة,جنة
بربوة,ربو
أصابها,اصب
وابل,وبل
فآتت,فآت
أكلها,اكل
ضعفين,ضعف
فإن,فإن
لم,لم
يصبها,يصب
وابل,وبل
فطل,فطل
والله,ولل
بما,بما
تعملون,عمل
بصير,بصر
أيود,ايد
أحدكم,احد
أن,ان
تكون,تكون
له,له
جنة,جنة
من,من
نخيل,نخل
وأعناب,أعناب
تجري,تجر
من,من
تحتها,تحت
الأنهار,هار
له,له
فيها,فيه
من,من
كل,كل
الثمرات,ثمر
وأصابه,أصب
الكبر,كبر
وله,وله
ذرية,ذرة
ضعفاء,ضعفاء
فأصابها,أصب
إعصار,عصر
فيه,فيه
نار,نار
فاحترقت,حرق
كذلك,كذلك
يبين,يبن
الله,الل
لكم,لكم
الآيات,ايت
لعلكم,لعل
تتفكرون,فكر
يا,يا
أيها,ايه
الذين,الذين
آمنوا,امن
أنفقوا,نفق
من,من
طيبات,طيب
ما,ما
كسبتم,كسب
ومما,ومم
أخرجنا,خرج
لكم,لكم
من,من
الأرض,ارض
ولا,ولا
تيمموا,يمم
الخبيث,خبث
منه,منه
تنفقون,نفق
ولستم,ولس
بآخذيه,آخذ
إلا,الا
أن,ان
تغمضوا,غمض
فيه,فيه
واعلموا,علم
أن,ان
الله,الل
غني,غني
حميد,حمد
الشيطان,شيط
يعدكم,يعد
الفقر,فقر
ويأمركم,أمر
بالفحشاء,حشء
والله,ولل
يعدكم,يعد
مغفرة,غفر
منه,منه
وفضلا,فضل
والله,ولل
واسع,وسع
عليم,علم
يؤتي,يؤت
الحكمة,حكم
من,من
يشاء,يشء
ومن,ومن
يؤت,يؤت
الحكمة,حكم
فقد,فقد
أوتي,اوت
خيرا,خير
كثيرا,كثر
وما,وما
يذكر,ذكر
إلا,الا
أولو,ولو
الألباب,لبب
وما,وما
أنفقتم,نفق
من,من
نفقة,نفق
أو,او
نذرتم,نذر
من,من
نذر,نذر
فإن,فإن
الله,الل
يعلمه,علم
وما,وما
للظالمين,ظلم
من,من
أنصار,صار
إن,ان
تبدوا,تبد
الصدقات,صدق
فنعما,فنع
هي,هي
وإن,وإن
تخفوها,خفو
وتؤتوها,ؤتو
الفقراء,قرء
فهو,فهو
خير,خير
لكم,لكم
ويكفر,كفر
عنكم,عنكم
من,من
سيئاتكم,سيئ
والله,ولل
بما,بما
تعملون,عمل
خبير,خبر
ليس,ليس
عليك,علك
هداهم,هدا
ولكن,ولكن
الله,الل
يهدي,يهد
من,من
يشاء,يشء
وما,وما
تنفقوا,نفق
من,من
خير,خير
فلأنفسكم,أنفس
وما,وما
تنفقون,نفق
إلا,الا
ابتغاء,بغء
وجه,وجه
الله,الل
وما,وما
تنفقوا,نفق
من,من
خير,خير
يوف,يوف
إليكم,الي
وأنتم,وأن
لا,لا
تظلمون,ظلم
للفقراء,قرء
الذين,الذين
أحصروا,حصر
في,في
سبيل,سبل
الله,الل
لا,لا
يستطيعون,تطع
ضربا,ضرب
في,في
الأرض,ارض
يحسبهم,حسب
الجاهل,جهل
أغنياء,غنياء
من,من
التعفف,عفف
تعرفهم,عرف
بسيماهم,بسم
لا,لا
يسألون,سأل
الناس,ناس
إلحافا,لحف
وما,وما
تنفقوا,نفق
من,من
خير,خير
فإن,فإن
الله,الل
به,به
عليم,علم
الذين,الذين
ينفقون,نفق
أموالهم,مول
بالليل,ليل
والنهار,نهر
سرا,سرا
وعلانية,وعل
فلهم,لهم
أجرهم,اجر
عند,عند
ربهم,ربهم
ولا,ولا
خوف,خوف
عليهم,علي
ولا,ولا
هم,هم
يحزنون,يحز
الذين,الذين
يأكلون,أكل
الربا,ربا
لا,لا
يقومون,يقم
إلا,الا
كما,كما
يقوم,يقم
الذي,الذي
يتخبطه,خبط
الشيطان,شيط
من,من
المس,لمس
ذلك,ذلك
بأنهم,بأن
قالوا,قال
إنما,انم
البيع,بيع
مثل,مثل
الربا,ربا
وأحل,أحل
الله,الل
البيع,بيع
وحرم,حرم
الربا,ربا
فمن,فمن
جاءه,جءه
موعظة,وعظ
من,من
ربه,ربه
فانتهى,نهى
فله,فله
ما,ما
سلف,سلف
وأمره,أمر
إلى,الى
الله,الل
ومن,ومن
عاد,عاد
فأولئك,أولئ
أصحاب,صحب
النار,نار
هم,هم
فيها,فيه
خالدون,خلد
يمحق,محق
الله,الل
الربا,ربا
ويربي,يرب
الصدقات,صدق
والله,ولل
لا,لا
يحب,يحب
كل,كل
كفار,كفر
أثيم,اثم
إن,ان
الذين,الذين
آمنوا,امن
وعملوا,عمل
الصالحات,صلح
وأقاموا,أقم
الصلاة,صلة
وآتوا,وآت
الزكاة,زكة
لهم,لهم
أجرهم,اجر
عند,عند
ربهم,ربهم
ولا,ولا
خوف,خوف
عليهم,علي
ولا,ولا
هم,هم
يحزنون,يحز
يا,يا
أيها,ايه
الذين,الذين
آمنوا,امن
اتقوا,اتق
الله,الل
وذروا,وذر
ما,ما
بقي,بقي
من,من
الربا,ربا
إن,ان
كنتم,كنتم
مؤمنين,ؤمن
فإن,فإن
لم,لم
تفعلوا,فعل
فأذنوا,فأذ
بحرب,حرب
من,من
الله,الل
ورسوله,رسل
وإن,وإن
تبتم,بتم
فلكم,لكم
رءوس,رءس
أموالكم,مول
لا,لا
تظلمون,ظلم
ولا,ولا
تظلمون,ظلم
وإن,وإن
كان,كان
ذو,ذو
عسرة,عسر
فنظرة,نظر
إلى,الى
ميسرة,يسر
وأن,وأن
تصدقوا,صدق
خير,خير
لكم,لكم
إن,ان
كنتم,كنتم
تعلمون,علم
واتقوا,وتق
يوما,يوم
ترجعون,رجع
فيه,فيه
إلى,الى
الله,الل
ثم,ثم
توفى,وفى
كل,كل
نفس,نفس
ما,ما
كسبت,كسب
وهم,وهم
لا,لا
يظلمون,ظلم
يا,يا
أيها,ايه
الذين,الذين
آمنوا,امن
إذا,اذا
تداينتم,دين
بدين,بدن
إلى,الى
أجل,اجل
مسمى,سمى
فاكتبوه,كبو
وليكتب,كتب
بينكم,بين
كاتب,كتب
بالعدل,عدل
ولا,ولا
يأب,يأب
كاتب,كتب
أن,ان
يكتب,كتب
كما,كما
علمه,علم
الله,الل
فليكتب,كتب
وليملل,ملل
الذي,الذي
عليه,عليه
الحق,لحق
وليتق,يتق
الله,الل
ربه,ربه
ولا,ولا
يبخس,بخس
منه,منه
شيئا,شيئ
فإن,فإن
كان,كان
الذي,الذي
عليه,عليه
الحق,لحق
سفيها,سفي
أو,او
ضعيفا,ضعف
أو,او
لا,لا
يستطيع,تطع
أن,ان
يمل,يمل
هو,هو
فليملل,ملل
وليه,وله
بالعدل,عدل
واستشهدوا,شهد
شهيدين,شهد
من,من
رجالكم,رجل
فإن,فإن
لم,لم
يكونا,يكو
رجلين,رجل
فرجل,رجل
وامرأتان,مرأ
ممن,ممن
ترضون,ترض
من,من
الشهداء,شهداء
أن,ان
تضل,تضل
إحداهما,حده
فتذكر,ذكر
إحداهما,حده
الأخرى,خرى
ولا,ولا
يأب,يأب
الشهداء,شهداء
إذا,اذا
ما,ما
دعوا,دعا
ولا,ولا
تسأموا,سأم
أن,ان
تكتبوه,كبو
صغيرا,صغر
أو,او
كبيرا,كبر
إلى,الى
أجله,اجل
ذلكم,ذلكم
أقسط,قسط
عند,عند
الله,الل
وأقوم,أقم
للشهادة,شهد
وأدنى,أدنى
ألا,الا
ترتابوا,راب
إلا,الا
أن,ان
تكون,تكون
تجارة,جار
حاضرة,حضر
تديرونها,ديرو
بينكم,بين
فليس,فلس
عليكم,علي
جناح,جنح
ألا,الا
تكتبوها,كبو
وأشهدوا,أشهد
إذا,اذا
تبايعتم,بيع
ولا,ولا
يضار,يضر
كاتب,كتب
ولا,ولا
شهيد,شهد
وإن,وإن
تفعلوا,فعل
فإنه,فإن
فسوق,فسق
بكم,بكم
واتقوا,وتق
الله,الل
ويعلمكم,علم
الله,الل
والله,ولل
بكل,بكل
شيء,شيء
عليم,علم
وإن,وإن
كنتم,كنتم
على,على
سفر,سفر
ولم,ولم
تجدوا,تجد
كاتبا,كتب
فرهان,فره
مقبوضة,قبض
فإن,فإن
أمن,امن
بعضكم,بعض
بعضا,بعض
فليؤد,يؤد
الذي,الذي
اؤتمن,ؤمن
أمانته,منت
وليتق,يتق
الله,الل
ربه,ربه
ولا,ولا
تكتموا,كتم
الشهادة,شهد
ومن,ومن
يكتمها,كتم
فإنه,فإن
آثم,اثم
قلبه,قلب
والله,ولل
بما,بما
تعملون,عمل
عليم,علم
لله,لله
ما,ما
في,في
السماوات,سمو
وما,وما
في,في
الأرض,ارض
وإن,وإن
تبدوا,تبد
ما,ما
في,في
أنفسكم,نفس
أو,او
تخفوه,خفو
يحاسبكم,حسب
به,به
الله,الل
فيغفر,غفر
لمن,لمن
يشاء,يشء
ويعذب,عذب
من,من
يشاء,يشء
والله,ولل
على,على
كل,كل
شيء,شيء
قدير,قدر
آمن,امن
الرسول,رسل
بما,بما
أنزل,نزل
إليه,اله
من,من
ربه,ربه
والمؤمنون,ؤمن
كل,كل
آمن,امن
بالله,بلل
وملائكته,وملائكته
وكتبه,كتب
ورسله,رسل
لا,لا
نفرق,فرق
بين,بين
أحد,احد
من,من
رسله,رسل
وقالوا,وقل
سمعنا,سمع
وأطعنا,أطع
غفرانك,غفر
ربنا,ربن
وإليك,وإل
المصير,صير
لا,لا
يكلف,كلف
الله,الل
نفسا,نفس
إلا,الا
وسعها,وسع
لها,لها
ما,ما
كسبت,كسب
وعليها,وعل
ما,ما
اكتسبت,كسب
ربنا,ربن
لا,لا
تؤاخذنا,ؤخذ
إن,ان
نسينا,نسي
أو,او
أخطأنا,خطأ
ربنا,ربن
ولا,ولا
تحمل,حمل
علينا,علي
إصرا,اصر
كما,كما
حملته,حمل
على,على
الذين,الذين
من,من
قبلنا,قبل
ربنا,ربن
ولا,ولا
تحملنا,حمل
ما,ما
لا,لا
طاقة,طقة
لنا,لنا
به,به
واعف,وعف
عنا,عنا
واغفر,غفر
لنا,لنا
وارحمنا,رحم
أنت,انت
مولانا,ولا
فانصرنا,نصر
على,على
القوم,قوم
الكافرين,كفر
